"","words","word_num","Freq","collocation_length"
"1","Subjective",1,2,2
"2","pattern",2,2,2
"3","comparison",3,2,2
"4","has",4,2.5,2
"5","been",5,2.5,2
"6","subject",6,2,2
"7","to",7,2,2
"8","increased",8,2,2
"9","scrutiny",9,2,2
"10","by",10,3,2
"11","the",11,3,2
"12","courts",12,2,2
"13","and",13,2,2
"14","by",14,3,2
"15","the",15,3,2
"16","general",16,2,2
"17","public,",17,2,2
"18","resulting",18,2,2
"19","in",19,3,2
"20","an",20,4,2
"21","increased",21,4,2
"22","interest",22,4.38888888888889,2
"23","in",23,3.38888888888889,2
"24","pattern",24,2,2
"25","comparison",25,2,2
"26","algorithms",26,2,2
"27","that",27,2,2
"28","provide",28,2,2
"29","quantitative",29,2,2
"30","assessments",30,2,2
"31","of",31,2,2
"32","similarity",32,2,2
"33","for",33,2,2
"34","use",34,2,2
"35","by",35,2,2
"36","forensic",36,3.875,2
"37","scientists.",37,3.375,2
"38","While",38,1,2
"39","these",39,1,2
"40","algorithms",40,1,2
"41","would",41,1,2
"42","mark",42,1,2
"43","an",43,1,2
"44","improvement",44,1,2
"45","over",45,1,2
"46","current",46,1,2
"47","subjective",47,1,2
"48","comparison",48,1,2
"49","methods,",49,1,2
"50","individuals",50,1.8125,2
"51","without",51,1.8125,2
"52","a",52,3.25,2
"53","statistical",53,3.25,2
"54","background",54,1,2
"55","may",55,1,2
"56","struggle",56,1,2
"57","with",57,1,2
"58","the",58,1,2
"59","statistical",59,2,2
"60","concepts",60,2,2
"61","and",61,1,2
"62","language",62,1,2
"63","necessary",63,1,2
"64","for",64,1,2
"65","describing",65,1,2
"66","algorithmic",66,1,2
"67","methods.",67,1,2
"68","If",68,1.5,2
"69","algorithms",69,2,2
"70","are",70,2,2
"71","to",71,1.75,2
"72","be",72,1.75,2
"73","used,",73,2,2
"74","examiners",74,2,2
"75","must",75,2,2
"76","be",76,2,2
"77","able",77,2,2
"78","to",78,2,2
"79","testify",79,2,2
"80","about",80,2.75,2
"81","their",81,2.75,2
"82","use",82,2,2
"83","in",83,4,2
"84","a",84,4.5,2
"85","way",85,3,2
"86","that",86,2.5,2
"87","is",87,2,2
"88","accessible",88,2,2
"89","to",89,3.5,2
"90","the",90,4,2
"91","jury.",91,2,2
"92","In",92,3.5,2
"93","a",93,4,2
"94","series",94,1.5,2
"95","of",95,1.5,2
"96","studies,",96,3,2
"97","we",97,4.5,2
"98","conduct",98,4.64285714285714,2
"99","an",99,2.14285714285714,2
"100","assessment",100,1,2
"101","of",101,2,2
"102","language",102,2,2
"103","and",103,2,2
"104","supporting",104,2,2
"105","visual",105,2,2
"106","aids",106,2,2
"107","which",107,2,2
"108","might",108,2,2
"109","be",109,2,2
"110","used",110,2.5,2
"111","to",111,2.5,2
"112","explain",112,2,2
"113","bullet",113,5,2
"114","matching",114,7.8125,2
"115","algorithms.",115,5.3125,2
"116","In",116,3.5,2
"117","the",117,2.25,2
"118","initial",118,0.25,2
"119","study,",119,0.5,2
"120","we",120,1,2
"121","encountered",121,0.5,2
"122","a",122,0,2
"123","response",123,0.5,2
"124","type",124,1,2
"125","calibration",125,1.39285714285714,2
"126","issue",126,0.892857142857143,2
"127","-",127,NA,2
"128","individuals",128,0.5,2
"129","thought",129,1,2
"130","highly",130,1,2
"131","of",131,3.5,2
"132","the",132,6.5,2
"133","forensic",133,4,2
"134","witness",134,1,2
"135","and",135,1,2
"136","evidence",136,1,2
"137","regardless",137,1,2
"138","of",138,1,2
"139","experimental",139,1.5,2
"140","conditions,",140,1.5,2
"141","'maxing",141,1,2
"142","out'",142,1,2
"143","Likert",143,1,2
"144","response",144,1,2
"145","scales",145,1,2
"146","and",146,1,2
"147","leaving",147,1,2
"148","us",148,1,2
"149","unable",149,1,2
"150","to",150,1,2
"151","tell",151,1,2
"152","if",152,1,2
"153","the",153,1,2
"154","conditions",154,1,2
"155","had",155,1,2
"156","any",156,1,2
"157","effect.",157,1,2
"158","While",158,1,2
"159","this",159,1.25,2
"160","study",160,1.25,2
"161","indicated",161,1,2
"162","that",162,1,2
"163","individuals",163,1,2
"164","overall",164,1,2
"165","found",165,1,2
"166","the",166,1.5,2
"167","testimony",167,1.5,2
"168","to",168,1.25,2
"169","be",169,1.25,2
"170","reliable,",170,1,2
"171","credible,",171,1,2
"172","and",172,1,2
"173","scientific,",173,1,2
"174","it",174,1,2
"175","did",175,1,2
"176","not",176,1,2
"177","readily",177,1,2
"178","provide",178,1,2
"179","information",179,1.5,2
"180","about",180,1.5,2
"181","our",181,1,2
"182","question",182,1,2
"183","of",183,1,2
"184","interest.",184,0.5,2
"185","Additional",185,0,2
"186","data",186,0,2
"187","from",187,0,2
"188","this",188,0.75,2
"189","study",189,0.75,2
"190","was",190,0,2
"191","found",191,0,2
"192","in",192,2,2
"193","the",193,2,2
"194","participants'",194,0,2
"195","note",195,0,2
"196","pads.",196,0,2
"197","Through",197,0,2
"198","cleaning",198,0,2
"199","sequential",199,0,2
"200","notes",200,0.5,2
"201","and",201,0.5,2
"202","designing",202,0,2
"203","a",203,0.5,2
"204","method",204,1,2
"205","for",205,0.857142857142857,2
"206","highlighting",206,0.357142857142857,2
"207","study",207,0,2
"208","transcripts",208,0,2
"209","according",209,0,2
"210","to",210,2.5,2
"211","the",211,3,2
"212","frequency",212,0.5,2
"213","of",213,0,2
"214","collocations",214,0.357142857142857,2
"215","in",215,1.27380952380952,2
"216","participant",216,1.91666666666667,2
"217","notes,",217,1,2
"218","we",218,0.5,2
"219","can",219,0.5,2
"220","determine",220,0.25,2
"221","which",221,0.25,2
"222","portions",222,0,2
"223","of",223,1,2
"224","testimony",224,1.5,2
"225","participants",225,0.5,2
"226","found",226,0,2
"227","'noteworthy'.",227,0,2
"228","We",228,0.5,2
"229","also",229,0.5,2
"230","conducted",230,0.7,2
"231","a",231,3.7,2
"232","study",232,3.5,2
"233","on",233,1,2
"234","response",234,1,2
"235","types",235,0.5,2
"236","to",236,0.5,2
"237","determine",237,1,2
"238","the",238,1,2
"239","consistency",239,1,2
"240","of",240,1.5,2
"241","participant",241,1.5,2
"242","responses",242,1,2
"243","across",243,1,2
"244","response",244,1,2
"245","types,",245,1,2
"246","compare",246,1,2
"247","a",247,1.5,2
"248","variety",248,2,2
"249","of",249,2,2
"250","response",250,1.5,2
"251","types,",251,1,2
"252","and",252,1,2
"253","determine",253,0.75,2
"254","which",254,0.75,2
"255","response",255,1,2
"256","type",256,1,2
"257","may",257,1.5,2
"258","be",258,1.5,2
"259","appropriately",259,1,2
"260","calibrated",260,1,2
"261","for",261,1,2
"262","addressing",262,1,2
"263","the",263,0.75,2
"264","initial",264,0.75,2
"265","research",265,1,2
"266","question",266,1,2
"267","of",267,1.5,2
"268","jury",268,1.98076923076923,2
"269","perception",269,2.98076923076923,2
"270","of",270,3,2
"271","algorithms",271,2,2
"272","and",272,2.5,2
"273","demonstrative",273,4.5,2
"274","evidence.",274,3.36363636363636,2
"275","The",275,0.863636363636364,2
"276","response",276,1,2
"277","types",277,1,2
"278","used",278,1,2
"279","in",279,1.5,2
"280","this",280,1.5,2
"281","investigation",281,1,2
"282","include",282,1,2
"283","the",283,1,2
"284","participant's",284,1,2
"285","interpretation",285,1,2
"286","of",286,3.5,2
"287","the",287,5.5,2
"288","strength",288,5,2
"289","of",289,4,2
"290","evidence",290,2,2
"291","(Likert",291,1,2
"292","scale),",292,1,2
"293","conviction",293,1,2
"294","decision",294,1,2
"295","(binary),",295,1,2
"296","opinion",296,1,2
"297","of",297,1.125,2
"298","guilt",298,1.125,2
"299","(binary),",299,1,2
"300","willingness",300,1,2
"301","to",301,1,2
"302","bet",302,1,2
"303","on",303,1,2
"304","their",304,1,2
"305","opinion",305,1,2
"306","of",306,1.125,2
"307","guilt",307,1.125,2
"308","(numeric),",308,1,2
"309","probability",309,1,2
"310","of",310,1.125,2
"311","guilt",311,1.125,2
"312","(numeric),",312,1,2
"313","and",313,1,2
"314","chance",314,1,2
"315","of",315,1.125,2
"316","guilt",316,1.125,2
"317","/innocence",317,1,2
"318","(numeric",318,1,2
"319","or",319,1,2
"320","multiple",320,1,2
"321","choice).",321,0.5,2
"322","The",322,0,2
"323","note",323,0,2
"324","cleaning,",324,0,2
"325","text",325,0.5,2
"326","analysis,",326,0.5,2
"327","and",327,0,2
"328","testimony",328,0,2
"329","tools",329,0,2
"330","we",330,0,2
"331","developed",331,0,2
"332","throughout",332,0,2
"333","this",333,0,2
"334","series",334,0.5,2
"335","of",335,0.5,2
"336","experiments",336,0,2
"337","will",337,0,2
"338","benefit",338,0,2
"339","our",339,0,2
"340","future",340,0,2
"341","research",341,0,2
"342","in",342,0,2
"343","jury",343,0.980769230769231,2
"344","perception,",344,0.980769230769231,2
"345","as",345,1.5,2
"346","well",346,3,2
"347","as",347,1.5,2
"348","future",348,0,2
"349","transcript",349,0,2
"350","studies.",350,0,2
"351","Subjective",1,2,3
"352","pattern",2,2,3
"353","comparison",3,2,3
"354","has",4,2,3
"355","been",5,2,3
"356","subject",6,2,3
"357","to",7,2,3
"358","increased",8,2,3
"359","scrutiny",9,2,3
"360","by",10,2,3
"361","the",11,2,3
"362","courts",12,2,3
"363","and",13,2,3
"364","by",14,2,3
"365","the",15,2,3
"366","general",16,2,3
"367","public,",17,2,3
"368","resulting",18,2,3
"369","in",19,2.48253968253968,3
"370","an",20,3.14920634920635,3
"371","increased",21,3.81587301587302,3
"372","interest",22,3.33333333333333,3
"373","in",23,2.66666666666667,3
"374","pattern",24,2,3
"375","comparison",25,2,3
"376","algorithms",26,2,3
"377","that",27,2,3
"378","provide",28,2,3
"379","quantitative",29,2,3
"380","assessments",30,2,3
"381","of",31,2,3
"382","similarity",32,2,3
"383","for",33,2,3
"384","use",34,2,3
"385","by",35,3.21212121212121,3
"386","forensic",36,2.87878787878788,3
"387","scientists.",37,2.54545454545455,3
"388","While",38,1,3
"389","these",39,1,3
"390","algorithms",40,1,3
"391","would",41,1,3
"392","mark",42,1,3
"393","an",43,1,3
"394","improvement",44,1,3
"395","over",45,1,3
"396","current",46,1,3
"397","subjective",47,1,3
"398","comparison",48,1,3
"399","methods,",49,1,3
"400","individuals",50,1,3
"401","without",51,1,3
"402","a",52,1,3
"403","statistical",53,1,3
"404","background",54,1,3
"405","may",55,1,3
"406","struggle",56,1,3
"407","with",57,1,3
"408","the",58,1.52173913043478,3
"409","statistical",59,2.00173913043478,3
"410","concepts",60,2.00173913043478,3
"411","and",61,1.48,3
"412","language",62,1,3
"413","necessary",63,1,3
"414","for",64,1,3
"415","describing",65,1,3
"416","algorithmic",66,1,3
"417","methods.",67,1,3
"418","If",68,1.33333333333333,3
"419","algorithms",69,1.66666666666667,3
"420","are",70,2,3
"421","to",71,2,3
"422","be",72,2,3
"423","used,",73,2,3
"424","examiners",74,2,3
"425","must",75,2,3
"426","be",76,2,3
"427","able",77,2,3
"428","to",78,2,3
"429","testify",79,2,3
"430","about",80,2,3
"431","their",81,2,3
"432","use",82,2,3
"433","in",83,2.33333333333333,3
"434","a",84,2.66666666666667,3
"435","way",85,2.66666666666667,3
"436","that",86,2.33333333333333,3
"437","is",87,2,3
"438","accessible",88,2,3
"439","to",89,2,3
"440","the",90,1.66666666666667,3
"441","jury.",91,1.33333333333333,3
"442","In",92,1.33333333333333,3
"443","a",93,1.66666666666667,3
"444","series",94,2,3
"445","of",95,2,3
"446","studies,",96,2,3
"447","we",97,2.83333333333333,3
"448","conduct",98,2.16666666666667,3
"449","an",99,1.5,3
"450","assessment",100,0.666666666666667,3
"451","of",101,1.33333333333333,3
"452","language",102,2,3
"453","and",103,2,3
"454","supporting",104,2,3
"455","visual",105,2,3
"456","aids",106,2,3
"457","which",107,2,3
"458","might",108,2,3
"459","be",109,2,3
"460","used",110,2,3
"461","to",111,2,3
"462","explain",112,2,3
"463","bullet",113,3.91304347826087,3
"464","matching",114,3.91304347826087,3
"465","algorithms.",115,3.82971014492754,3
"466","In",116,1.25,3
"467","the",117,0.583333333333333,3
"468","initial",118,0,3
"469","study,",119,0,3
"470","we",120,0.235294117647059,3
"471","encountered",121,0.235294117647059,3
"472","a",122,0.235294117647059,3
"473","response",123,0.333333333333333,3
"474","type",124,0.614035087719298,3
"475","calibration",125,0.614035087719298,3
"476","issue",126,0.280701754385965,3
"477","-",127,NA,3
"478","individuals",128,0.333333333333333,3
"479","thought",129,0.666666666666667,3
"480","highly",130,1,3
"481","of",131,2.52380952380952,3
"482","the",132,2.52380952380952,3
"483","forensic",133,2.52380952380952,3
"484","witness",134,1,3
"485","and",135,1,3
"486","evidence",136,1,3
"487","regardless",137,1,3
"488","of",138,1.52564102564103,3
"489","experimental",139,1.52564102564103,3
"490","conditions,",140,1.52564102564103,3
"491","'maxing",141,1,3
"492","out'",142,1,3
"493","Likert",143,1,3
"494","response",144,1,3
"495","scales",145,1,3
"496","and",146,1,3
"497","leaving",147,1,3
"498","us",148,1,3
"499","unable",149,1,3
"500","to",150,1,3
"501","tell",151,1,3
"502","if",152,1,3
"503","the",153,1,3
"504","conditions",154,1,3
"505","had",155,1,3
"506","any",156,1,3
"507","effect.",157,1,3
"508","While",158,1,3
"509","this",159,1,3
"510","study",160,1,3
"511","indicated",161,1,3
"512","that",162,1,3
"513","individuals",163,1,3
"514","overall",164,1,3
"515","found",165,1,3
"516","the",166,1,3
"517","testimony",167,1,3
"518","to",168,1,3
"519","be",169,1,3
"520","reliable,",170,1,3
"521","credible,",171,1,3
"522","and",172,1,3
"523","scientific,",173,1,3
"524","it",174,1,3
"525","did",175,1,3
"526","not",176,1,3
"527","readily",177,1,3
"528","provide",178,1,3
"529","information",179,1,3
"530","about",180,1,3
"531","our",181,1,3
"532","question",182,1,3
"533","of",183,0.666666666666667,3
"534","interest.",184,0.333333333333333,3
"535","Additional",185,0,3
"536","data",186,0,3
"537","from",187,0,3
"538","this",188,0.25,3
"539","study",189,0.25,3
"540","was",190,0.25,3
"541","found",191,0,3
"542","in",192,0,3
"543","the",193,0,3
"544","participants'",194,0,3
"545","note",195,0,3
"546","pads.",196,0,3
"547","Through",197,0,3
"548","cleaning",198,0,3
"549","sequential",199,0,3
"550","notes",200,0,3
"551","and",201,0,3
"552","designing",202,0,3
"553","a",203,0.333333333333333,3
"554","method",204,0.333333333333333,3
"555","for",205,0.333333333333333,3
"556","highlighting",206,0,3
"557","study",207,0,3
"558","transcripts",208,0,3
"559","according",209,0,3
"560","to",210,0,3
"561","the",211,0,3
"562","frequency",212,0,3
"563","of",213,0,3
"564","collocations",214,0,3
"565","in",215,0.62962962962963,3
"566","participant",216,1.13088276246171,3
"567","notes,",217,1.13088276246171,3
"568","we",218,0.50125313283208,3
"569","can",219,0,3
"570","determine",220,0,3
"571","which",221,0,3
"572","portions",222,0,3
"573","of",223,0.501234567901235,3
"574","testimony",224,0.501234567901235,3
"575","participants",225,0.501234567901235,3
"576","found",226,0,3
"577","'noteworthy'.",227,0,3
"578","We",228,0,3
"579","also",229,0,3
"580","conducted",230,0,3
"581","a",231,1.33333333333333,3
"582","study",232,1.66666666666667,3
"583","on",233,2,3
"584","response",234,0.666666666666667,3
"585","types",235,0.333333333333333,3
"586","to",236,0.333333333333333,3
"587","determine",237,0.666666666666667,3
"588","the",238,1,3
"589","consistency",239,1,3
"590","of",240,1,3
"591","participant",241,1,3
"592","responses",242,1,3
"593","across",243,1,3
"594","response",244,1,3
"595","types,",245,1,3
"596","compare",246,1,3
"597","a",247,1.33333333333333,3
"598","variety",248,1.33333333333333,3
"599","of",249,1.33333333333333,3
"600","response",250,1,3
"601","types,",251,1,3
"602","and",252,1,3
"603","determine",253,1,3
"604","which",254,1,3
"605","response",255,1,3
"606","type",256,1,3
"607","may",257,1,3
"608","be",258,1,3
"609","appropriately",259,1,3
"610","calibrated",260,1,3
"611","for",261,1,3
"612","addressing",262,1,3
"613","the",263,1,3
"614","initial",264,1,3
"615","research",265,1,3
"616","question",266,1,3
"617","of",267,1.33333333333333,3
"618","jury",268,1.66666666666667,3
"619","perception",269,1.66666666666667,3
"620","of",270,1.66666666666667,3
"621","algorithms",271,1.83333333333333,3
"622","and",272,3.3,3
"623","demonstrative",273,3.67948717948718,3
"624","evidence.",274,2.84615384615385,3
"625","The",275,1.37948717948718,3
"626","response",276,0.666666666666667,3
"627","types",277,1,3
"628","used",278,1,3
"629","in",279,1,3
"630","this",280,1,3
"631","investigation",281,1,3
"632","include",282,1,3
"633","the",283,1,3
"634","participant's",284,1,3
"635","interpretation",285,1,3
"636","of",286,1,3
"637","the",287,2.33333333333333,3
"638","strength",288,3,3
"639","of",289,3,3
"640","evidence",290,1.66666666666667,3
"641","(Likert",291,1,3
"642","scale),",292,1,3
"643","conviction",293,1,3
"644","decision",294,1,3
"645","(binary),",295,1,3
"646","opinion",296,1,3
"647","of",297,1,3
"648","guilt",298,1,3
"649","(binary),",299,1,3
"650","willingness",300,1,3
"651","to",301,1,3
"652","bet",302,1,3
"653","on",303,1,3
"654","their",304,1,3
"655","opinion",305,1,3
"656","of",306,1,3
"657","guilt",307,1,3
"658","(numeric),",308,1,3
"659","probability",309,1,3
"660","of",310,1,3
"661","guilt",311,1,3
"662","(numeric),",312,1,3
"663","and",313,1,3
"664","chance",314,1,3
"665","of",315,1,3
"666","guilt",316,1,3
"667","/innocence",317,1,3
"668","(numeric",318,1,3
"669","or",319,1,3
"670","multiple",320,0.666666666666667,3
"671","choice).",321,0.333333333333333,3
"672","The",322,0,3
"673","note",323,0,3
"674","cleaning,",324,0,3
"675","text",325,0,3
"676","analysis,",326,0,3
"677","and",327,0,3
"678","testimony",328,0,3
"679","tools",329,0,3
"680","we",330,0,3
"681","developed",331,0,3
"682","throughout",332,0,3
"683","this",333,0,3
"684","series",334,0,3
"685","of",335,0,3
"686","experiments",336,0,3
"687","will",337,0,3
"688","benefit",338,0,3
"689","our",339,0,3
"690","future",340,0,3
"691","research",341,0,3
"692","in",342,0.274509803921569,3
"693","jury",343,0.274509803921569,3
"694","perception,",344,0.274509803921569,3
"695","as",345,1,3
"696","well",346,1,3
"697","as",347,1,3
"698","future",348,0,3
"699","transcript",349,0,3
"700","studies.",350,0,3
"701","Subjective",1,2,4
"702","pattern",2,2,4
"703","comparison",3,2,4
"704","has",4,2,4
"705","been",5,2,4
"706","subject",6,2,4
"707","to",7,2,4
"708","increased",8,2,4
"709","scrutiny",9,2,4
"710","by",10,2,4
"711","the",11,2,4
"712","courts",12,2,4
"713","and",13,2,4
"714","by",14,2,4
"715","the",15,2,4
"716","general",16,2,4
"717","public,",17,2,4
"718","resulting",18,2,4
"719","in",19,2.41485507246377,4
"720","an",20,3.27485507246377,4
"721","increased",21,3.27485507246377,4
"722","interest",22,3.27485507246377,4
"723","in",23,2.86,4
"724","pattern",24,2,4
"725","comparison",25,2,4
"726","algorithms",26,2,4
"727","that",27,2,4
"728","provide",28,2,4
"729","quantitative",29,2,4
"730","assessments",30,2,4
"731","of",31,2,4
"732","similarity",32,2,4
"733","for",33,2,4
"734","use",34,2,4
"735","by",35,1.93518518518519,4
"736","forensic",36,1.68518518518519,4
"737","scientists.",37,1.43518518518519,4
"738","While",38,1.18518518518519,4
"739","these",39,1,4
"740","algorithms",40,1,4
"741","would",41,1,4
"742","mark",42,1,4
"743","an",43,1,4
"744","improvement",44,1,4
"745","over",45,1,4
"746","current",46,1,4
"747","subjective",47,1,4
"748","comparison",48,1,4
"749","methods,",49,1,4
"750","individuals",50,1,4
"751","without",51,1,4
"752","a",52,1,4
"753","statistical",53,1,4
"754","background",54,1,4
"755","may",55,1,4
"756","struggle",56,1,4
"757","with",57,1,4
"758","the",58,1,4
"759","statistical",59,1,4
"760","concepts",60,1,4
"761","and",61,1,4
"762","language",62,1,4
"763","necessary",63,1,4
"764","for",64,1,4
"765","describing",65,1,4
"766","algorithmic",66,1,4
"767","methods.",67,1,4
"768","If",68,1.25,4
"769","algorithms",69,1.5,4
"770","are",70,1.75,4
"771","to",71,2,4
"772","be",72,2,4
"773","used,",73,2,4
"774","examiners",74,2,4
"775","must",75,2,4
"776","be",76,2,4
"777","able",77,2,4
"778","to",78,2,4
"779","testify",79,2,4
"780","about",80,2,4
"781","their",81,2,4
"782","use",82,2,4
"783","in",83,2.25,4
"784","a",84,2.25,4
"785","way",85,2.25,4
"786","that",86,2.25,4
"787","is",87,2,4
"788","accessible",88,2,4
"789","to",89,1.9375,4
"790","the",90,1.6875,4
"791","jury.",91,1.4375,4
"792","In",92,1.4375,4
"793","a",93,1.5,4
"794","series",94,1.75,4
"795","of",95,2,4
"796","studies,",96,1.97222222222222,4
"797","we",97,1.47222222222222,4
"798","conduct",98,0.972222222222222,4
"799","an",99,0.472222222222222,4
"800","assessment",100,0.5,4
"801","of",101,1,4
"802","language",102,1.5,4
"803","and",103,2,4
"804","supporting",104,2,4
"805","visual",105,2,4
"806","aids",106,2,4
"807","which",107,2,4
"808","might",108,2,4
"809","be",109,2,4
"810","used",110,2,4
"811","to",111,2,4
"812","explain",112,2,4
"813","bullet",113,4.28530112823772,4
"814","matching",114,4.24530112823772,4
"815","algorithms.",115,3.74530112823772,4
"816","In",116,3.24530112823772,4
"817","the",117,0.46,4
"818","initial",118,0,4
"819","study,",119,0,4
"820","we",120,0,4
"821","encountered",121,0,4
"822","a",122,0,4
"823","response",123,0.223214285714286,4
"824","type",124,0.223214285714286,4
"825","calibration",125,0.223214285714286,4
"826","issue",126,0.223214285714286,4
"827","-",127,NA,4
"828","individuals",128,0.25,4
"829","thought",129,0.5,4
"830","highly",130,0.75,4
"831","of",131,1,4
"832","the",132,1,4
"833","forensic",133,1,4
"834","witness",134,1,4
"835","and",135,1,4
"836","evidence",136,1,4
"837","regardless",137,1,4
"838","of",138,1,4
"839","experimental",139,1,4
"840","conditions,",140,1,4
"841","'maxing",141,1,4
"842","out'",142,1,4
"843","Likert",143,1,4
"844","response",144,1,4
"845","scales",145,1,4
"846","and",146,1,4
"847","leaving",147,1,4
"848","us",148,1,4
"849","unable",149,1,4
"850","to",150,1,4
"851","tell",151,1,4
"852","if",152,1,4
"853","the",153,1,4
"854","conditions",154,1,4
"855","had",155,1,4
"856","any",156,1,4
"857","effect.",157,1,4
"858","While",158,1,4
"859","this",159,1,4
"860","study",160,1,4
"861","indicated",161,1,4
"862","that",162,1,4
"863","individuals",163,1,4
"864","overall",164,1,4
"865","found",165,1,4
"866","the",166,1,4
"867","testimony",167,1,4
"868","to",168,1,4
"869","be",169,1,4
"870","reliable,",170,1,4
"871","credible,",171,1,4
"872","and",172,1,4
"873","scientific,",173,1,4
"874","it",174,1,4
"875","did",175,1,4
"876","not",176,1,4
"877","readily",177,1,4
"878","provide",178,1,4
"879","information",179,1,4
"880","about",180,1,4
"881","our",181,1.17708333333333,4
"882","question",182,0.927083333333333,4
"883","of",183,0.677083333333333,4
"884","interest.",184,0.427083333333333,4
"885","Additional",185,0,4
"886","data",186,0,4
"887","from",187,0,4
"888","this",188,0,4
"889","study",189,0,4
"890","was",190,0,4
"891","found",191,0,4
"892","in",192,0,4
"893","the",193,0,4
"894","participants'",194,0,4
"895","note",195,0,4
"896","pads.",196,0,4
"897","Through",197,0,4
"898","cleaning",198,0,4
"899","sequential",199,0,4
"900","notes",200,0,4
"901","and",201,0,4
"902","designing",202,0,4
"903","a",203,0,4
"904","method",204,0,4
"905","for",205,0,4
"906","highlighting",206,0,4
"907","study",207,0,4
"908","transcripts",208,0,4
"909","according",209,0,4
"910","to",210,0,4
"911","the",211,0,4
"912","frequency",212,0,4
"913","of",213,0,4
"914","collocations",214,0,4
"915","in",215,0.204545454545455,4
"916","participant",216,0.204545454545455,4
"917","notes,",217,0.204545454545455,4
"918","we",218,0.204545454545455,4
"919","can",219,0,4
"920","determine",220,0,4
"921","which",221,0,4
"922","portions",222,0,4
"923","of",223,0,4
"924","testimony",224,0,4
"925","participants",225,0,4
"926","found",226,0,4
"927","'noteworthy'.",227,0,4
"928","We",228,0,4
"929","also",229,0,4
"930","conducted",230,0,4
"931","a",231,0.25,4
"932","study",232,0.5,4
"933","on",233,0.5,4
"934","response",234,0.5,4
"935","types",235,0.25,4
"936","to",236,0.25,4
"937","determine",237,0.5,4
"938","the",238,0.75,4
"939","consistency",239,1,4
"940","of",240,1,4
"941","participant",241,1,4
"942","responses",242,1,4
"943","across",243,1,4
"944","response",244,1,4
"945","types,",245,1,4
"946","compare",246,1,4
"947","a",247,1,4
"948","variety",248,1,4
"949","of",249,1,4
"950","response",250,1,4
"951","types,",251,1,4
"952","and",252,1,4
"953","determine",253,1,4
"954","which",254,1,4
"955","response",255,1,4
"956","type",256,1,4
"957","may",257,1,4
"958","be",258,1,4
"959","appropriately",259,1,4
"960","calibrated",260,1,4
"961","for",261,1,4
"962","addressing",262,1,4
"963","the",263,1,4
"964","initial",264,1,4
"965","research",265,1,4
"966","question",266,1,4
"967","of",267,1.36931818181818,4
"968","jury",268,1.36931818181818,4
"969","perception",269,1.36931818181818,4
"970","of",270,1.36931818181818,4
"971","algorithms",271,1.40540540540541,4
"972","and",272,1.56919850885368,4
"973","demonstrative",273,1.31919850885368,4
"974","evidence.",274,1.06919850885368,4
"975","The",275,0.663793103448276,4
"976","response",276,0.5,4
"977","types",277,0.75,4
"978","used",278,1,4
"979","in",279,1,4
"980","this",280,1,4
"981","investigation",281,1,4
"982","include",282,1,4
"983","the",283,1,4
"984","participant's",284,1,4
"985","interpretation",285,1,4
"986","of",286,2.01041666666667,4
"987","the",287,2.86458333333333,4
"988","strength",288,2.86458333333333,4
"989","of",289,2.86458333333333,4
"990","evidence",290,1.85416666666667,4
"991","(Likert",291,1,4
"992","scale),",292,1,4
"993","conviction",293,1,4
"994","decision",294,1,4
"995","(binary),",295,1,4
"996","opinion",296,1,4
"997","of",297,1,4
"998","guilt",298,1,4
"999","(binary),",299,1,4
"1000","willingness",300,1,4
"1001","to",301,1,4
"1002","bet",302,1,4
"1003","on",303,1,4
"1004","their",304,1,4
"1005","opinion",305,1,4
"1006","of",306,1,4
"1007","guilt",307,1,4
"1008","(numeric),",308,1,4
"1009","probability",309,1,4
"1010","of",310,1,4
"1011","guilt",311,1,4
"1012","(numeric),",312,1,4
"1013","and",313,1,4
"1014","chance",314,1,4
"1015","of",315,1,4
"1016","guilt",316,1,4
"1017","/innocence",317,1,4
"1018","(numeric",318,1,4
"1019","or",319,0.75,4
"1020","multiple",320,0.5,4
"1021","choice).",321,0.25,4
"1022","The",322,0,4
"1023","note",323,0,4
"1024","cleaning,",324,0,4
"1025","text",325,0,4
"1026","analysis,",326,0,4
"1027","and",327,0,4
"1028","testimony",328,0,4
"1029","tools",329,0,4
"1030","we",330,0,4
"1031","developed",331,0,4
"1032","throughout",332,0,4
"1033","this",333,0,4
"1034","series",334,0,4
"1035","of",335,0,4
"1036","experiments",336,0,4
"1037","will",337,0,4
"1038","benefit",338,0,4
"1039","our",339,0,4
"1040","future",340,0,4
"1041","research",341,0,4
"1042","in",342,0,4
"1043","jury",343,0,4
"1044","perception,",344,0,4
"1045","as",345,0,4
"1046","well",346,0,4
"1047","as",347,0,4
"1048","future",348,0,4
"1049","transcript",349,0,4
"1050","studies.",350,0,4
"1051","Subjective",1,2,5
"1052","pattern",2,2,5
"1053","comparison",3,2,5
"1054","has",4,2,5
"1055","been",5,2,5
"1056","subject",6,2,5
"1057","to",7,2,5
"1058","increased",8,2,5
"1059","scrutiny",9,2,5
"1060","by",10,2,5
"1061","the",11,2,5
"1062","courts",12,2,5
"1063","and",13,2,5
"1064","by",14,2,5
"1065","the",15,2,5
"1066","general",16,2,5
"1067","public,",17,2,5
"1068","resulting",18,2,5
"1069","in",19,2.63960113960114,5
"1070","an",20,2.63960113960114,5
"1071","increased",21,2.63960113960114,5
"1072","interest",22,2.63960113960114,5
"1073","in",23,2.63960113960114,5
"1074","pattern",24,2,5
"1075","comparison",25,2,5
"1076","algorithms",26,2,5
"1077","that",27,2,5
"1078","provide",28,2,5
"1079","quantitative",29,2,5
"1080","assessments",30,2,5
"1081","of",31,2,5
"1082","similarity",32,2,5
"1083","for",33,2,5
"1084","use",34,1.95483870967742,5
"1085","by",35,1.75483870967742,5
"1086","forensic",36,1.55483870967742,5
"1087","scientists.",37,1.35483870967742,5
"1088","While",38,1.15483870967742,5
"1089","these",39,1,5
"1090","algorithms",40,1,5
"1091","would",41,1,5
"1092","mark",42,1,5
"1093","an",43,1,5
"1094","improvement",44,1,5
"1095","over",45,1,5
"1096","current",46,1,5
"1097","subjective",47,1,5
"1098","comparison",48,1,5
"1099","methods,",49,1,5
"1100","individuals",50,1,5
"1101","without",51,1,5
"1102","a",52,1,5
"1103","statistical",53,1,5
"1104","background",54,1,5
"1105","may",55,1,5
"1106","struggle",56,1,5
"1107","with",57,1,5
"1108","the",58,1,5
"1109","statistical",59,1,5
"1110","concepts",60,1,5
"1111","and",61,1,5
"1112","language",62,1,5
"1113","necessary",63,1,5
"1114","for",64,1,5
"1115","describing",65,1,5
"1116","algorithmic",66,1,5
"1117","methods.",67,1,5
"1118","If",68,1.34166666666667,5
"1119","algorithms",69,1.54166666666667,5
"1120","are",70,1.74166666666667,5
"1121","to",71,1.94166666666667,5
"1122","be",72,2.14166666666667,5
"1123","used,",73,2,5
"1124","examiners",74,2,5
"1125","must",75,2,5
"1126","be",76,2,5
"1127","able",77,2,5
"1128","to",78,2,5
"1129","testify",79,2,5
"1130","about",80,2,5
"1131","their",81,2,5
"1132","use",82,2,5
"1133","in",83,2,5
"1134","a",84,2,5
"1135","way",85,2,5
"1136","that",86,2,5
"1137","is",87,2,5
"1138","accessible",88,1.97391304347826,5
"1139","to",89,1.77391304347826,5
"1140","the",90,1.57391304347826,5
"1141","jury.",91,1.37391304347826,5
"1142","In",92,1.37391304347826,5
"1143","a",93,1.4,5
"1144","series",94,1.6,5
"1145","of",95,1.78095238095238,5
"1146","studies,",96,1.58095238095238,5
"1147","we",97,1.18095238095238,5
"1148","conduct",98,0.780952380952381,5
"1149","an",99,0.671861471861472,5
"1150","assessment",100,0.690909090909091,5
"1151","of",101,1.09090909090909,5
"1152","language",102,1.49090909090909,5
"1153","and",103,1.89090909090909,5
"1154","supporting",104,2,5
"1155","visual",105,2,5
"1156","aids",106,2,5
"1157","which",107,2,5
"1158","might",108,2,5
"1159","be",109,2,5
"1160","used",110,2,5
"1161","to",111,2,5
"1162","explain",112,2,5
"1163","bullet",113,1.975,5
"1164","matching",114,1.575,5
"1165","algorithms.",115,1.175,5
"1166","In",116,0.775,5
"1167","the",117,0.375,5
"1168","initial",118,0,5
"1169","study,",119,0,5
"1170","we",120,0,5
"1171","encountered",121,0,5
"1172","a",122,0.151515151515152,5
"1173","response",123,0.151515151515152,5
"1174","type",124,0.151515151515152,5
"1175","calibration",125,0.151515151515152,5
"1176","issue",126,0.293620414673046,5
"1177","-",127,NA,5
"1178","individuals",128,0.342105263157895,5
"1179","thought",129,0.542105263157895,5
"1180","highly",130,0.742105263157895,5
"1181","of",131,0.942105263157895,5
"1182","the",132,1,5
"1183","forensic",133,1,5
"1184","witness",134,1,5
"1185","and",135,1,5
"1186","evidence",136,1,5
"1187","regardless",137,1,5
"1188","of",138,1,5
"1189","experimental",139,1,5
"1190","conditions,",140,1,5
"1191","'maxing",141,1,5
"1192","out'",142,1,5
"1193","Likert",143,1,5
"1194","response",144,1,5
"1195","scales",145,1,5
"1196","and",146,1,5
"1197","leaving",147,1,5
"1198","us",148,1,5
"1199","unable",149,1,5
"1200","to",150,1,5
"1201","tell",151,1,5
"1202","if",152,1,5
"1203","the",153,1,5
"1204","conditions",154,1,5
"1205","had",155,1,5
"1206","any",156,1,5
"1207","effect.",157,1,5
"1208","While",158,1,5
"1209","this",159,1,5
"1210","study",160,1,5
"1211","indicated",161,1,5
"1212","that",162,1,5
"1213","individuals",163,1,5
"1214","overall",164,1,5
"1215","found",165,1,5
"1216","the",166,1,5
"1217","testimony",167,1,5
"1218","to",168,1,5
"1219","be",169,1,5
"1220","reliable,",170,1,5
"1221","credible,",171,1,5
"1222","and",172,1,5
"1223","scientific,",173,1,5
"1224","it",174,1,5
"1225","did",175,1,5
"1226","not",176,1,5
"1227","readily",177,1,5
"1228","provide",178,1,5
"1229","information",179,1,5
"1230","about",180,1.14,5
"1231","our",181,0.94,5
"1232","question",182,0.74,5
"1233","of",183,0.54,5
"1234","interest.",184,0.34,5
"1235","Additional",185,0,5
"1236","data",186,0,5
"1237","from",187,0,5
"1238","this",188,0,5
"1239","study",189,0,5
"1240","was",190,0,5
"1241","found",191,0,5
"1242","in",192,0,5
"1243","the",193,0,5
"1244","participants'",194,0,5
"1245","note",195,0,5
"1246","pads.",196,0,5
"1247","Through",197,0,5
"1248","cleaning",198,0,5
"1249","sequential",199,0,5
"1250","notes",200,0,5
"1251","and",201,0,5
"1252","designing",202,0,5
"1253","a",203,0,5
"1254","method",204,0,5
"1255","for",205,0,5
"1256","highlighting",206,0,5
"1257","study",207,0,5
"1258","transcripts",208,0,5
"1259","according",209,0,5
"1260","to",210,0,5
"1261","the",211,0,5
"1262","frequency",212,0,5
"1263","of",213,0,5
"1264","collocations",214,0,5
"1265","in",215,0,5
"1266","participant",216,0,5
"1267","notes,",217,0,5
"1268","we",218,0,5
"1269","can",219,0,5
"1270","determine",220,0,5
"1271","which",221,0,5
"1272","portions",222,0,5
"1273","of",223,0,5
"1274","testimony",224,0,5
"1275","participants",225,0,5
"1276","found",226,0,5
"1277","'noteworthy'.",227,0,5
"1278","We",228,0,5
"1279","also",229,0,5
"1280","conducted",230,0.144827586206897,5
"1281","a",231,0.344827586206897,5
"1282","study",232,0.489655172413793,5
"1283","on",233,0.489655172413793,5
"1284","response",234,0.489655172413793,5
"1285","types",235,0.344827586206897,5
"1286","to",236,0.501077586206897,5
"1287","determine",237,0.55625,5
"1288","the",238,0.75625,5
"1289","consistency",239,0.95625,5
"1290","of",240,1.15625,5
"1291","participant",241,1,5
"1292","responses",242,1,5
"1293","across",243,1,5
"1294","response",244,1,5
"1295","types,",245,1,5
"1296","compare",246,1,5
"1297","a",247,1,5
"1298","variety",248,1,5
"1299","of",249,1,5
"1300","response",250,1,5
"1301","types,",251,1,5
"1302","and",252,1,5
"1303","determine",253,1,5
"1304","which",254,1,5
"1305","response",255,1,5
"1306","type",256,1,5
"1307","may",257,1,5
"1308","be",258,1,5
"1309","appropriately",259,1,5
"1310","calibrated",260,1,5
"1311","for",261,1,5
"1312","addressing",262,1,5
"1313","the",263,1,5
"1314","initial",264,1,5
"1315","research",265,1,5
"1316","question",266,1,5
"1317","of",267,1,5
"1318","jury",268,1,5
"1319","perception",269,1,5
"1320","of",270,1,5
"1321","algorithms",271,1.2312292358804,5
"1322","and",272,1.0312292358804,5
"1323","demonstrative",273,0.831229235880399,5
"1324","evidence.",274,0.631229235880399,5
"1325","The",275,0.779377384028547,5
"1326","response",276,0.548148148148148,5
"1327","types",277,0.748148148148148,5
"1328","used",278,0.948148148148148,5
"1329","in",279,1.14814814814815,5
"1330","this",280,1,5
"1331","investigation",281,1,5
"1332","include",282,1,5
"1333","the",283,1,5
"1334","participant's",284,1,5
"1335","interpretation",285,1,5
"1336","of",286,1.62074074074074,5
"1337","the",287,1.62074074074074,5
"1338","strength",288,1.62074074074074,5
"1339","of",289,1.62074074074074,5
"1340","evidence",290,1.62074074074074,5
"1341","(Likert",291,1,5
"1342","scale),",292,1,5
"1343","conviction",293,1,5
"1344","decision",294,1,5
"1345","(binary),",295,1,5
"1346","opinion",296,1,5
"1347","of",297,1,5
"1348","guilt",298,1,5
"1349","(binary),",299,1,5
"1350","willingness",300,1,5
"1351","to",301,1,5
"1352","bet",302,1,5
"1353","on",303,1,5
"1354","their",304,1,5
"1355","opinion",305,1,5
"1356","of",306,1,5
"1357","guilt",307,1,5
"1358","(numeric),",308,1,5
"1359","probability",309,1,5
"1360","of",310,1,5
"1361","guilt",311,1,5
"1362","(numeric),",312,1,5
"1363","and",313,1,5
"1364","chance",314,1,5
"1365","of",315,1,5
"1366","guilt",316,1,5
"1367","/innocence",317,1,5
"1368","(numeric",318,0.8,5
"1369","or",319,0.6,5
"1370","multiple",320,0.4,5
"1371","choice).",321,0.2,5
"1372","The",322,0,5
"1373","note",323,0,5
"1374","cleaning,",324,0,5
"1375","text",325,0,5
"1376","analysis,",326,0,5
"1377","and",327,0,5
"1378","testimony",328,0,5
"1379","tools",329,0,5
"1380","we",330,0,5
"1381","developed",331,0,5
"1382","throughout",332,0,5
"1383","this",333,0,5
"1384","series",334,0,5
"1385","of",335,0,5
"1386","experiments",336,0,5
"1387","will",337,0,5
"1388","benefit",338,0,5
"1389","our",339,0,5
"1390","future",340,0,5
"1391","research",341,0,5
"1392","in",342,0,5
"1393","jury",343,0,5
"1394","perception,",344,0,5
"1395","as",345,0,5
"1396","well",346,0,5
"1397","as",347,0,5
"1398","future",348,0,5
"1399","transcript",349,0,5
"1400","studies.",350,0,5
"1401","Subjective",1,2,6
"1402","pattern",2,2,6
"1403","comparison",3,2,6
"1404","has",4,2,6
"1405","been",5,2,6
"1406","subject",6,2,6
"1407","to",7,2,6
"1408","increased",8,2,6
"1409","scrutiny",9,2,6
"1410","by",10,2,6
"1411","the",11,2,6
"1412","courts",12,2,6
"1413","and",13,2,6
"1414","by",14,2,6
"1415","the",15,2,6
"1416","general",16,2,6
"1417","public,",17,2,6
"1418","resulting",18,2,6
"1419","in",19,2,6
"1420","an",20,2,6
"1421","increased",21,2,6
"1422","interest",22,2,6
"1423","in",23,2,6
"1424","pattern",24,2,6
"1425","comparison",25,2,6
"1426","algorithms",26,2,6
"1427","that",27,2,6
"1428","provide",28,2,6
"1429","quantitative",29,2,6
"1430","assessments",30,2,6
"1431","of",31,2,6
"1432","similarity",32,2,6
"1433","for",33,1.96666666666667,6
"1434","use",34,1.8,6
"1435","by",35,1.63333333333333,6
"1436","forensic",36,1.46666666666667,6
"1437","scientists.",37,1.3,6
"1438","While",38,1.13333333333333,6
"1439","these",39,1,6
"1440","algorithms",40,1,6
"1441","would",41,1,6
"1442","mark",42,1,6
"1443","an",43,1,6
"1444","improvement",44,1,6
"1445","over",45,1,6
"1446","current",46,1,6
"1447","subjective",47,1,6
"1448","comparison",48,1,6
"1449","methods,",49,1,6
"1450","individuals",50,1,6
"1451","without",51,1,6
"1452","a",52,1,6
"1453","statistical",53,1,6
"1454","background",54,1,6
"1455","may",55,1,6
"1456","struggle",56,1,6
"1457","with",57,1,6
"1458","the",58,1,6
"1459","statistical",59,1,6
"1460","concepts",60,1,6
"1461","and",61,1,6
"1462","language",62,1,6
"1463","necessary",63,1,6
"1464","for",64,1,6
"1465","describing",65,1,6
"1466","algorithmic",66,1,6
"1467","methods.",67,1,6
"1468","If",68,1.16666666666667,6
"1469","algorithms",69,1.33333333333333,6
"1470","are",70,1.5,6
"1471","to",71,1.66666666666667,6
"1472","be",72,1.83333333333333,6
"1473","used,",73,2,6
"1474","examiners",74,2,6
"1475","must",75,2,6
"1476","be",76,2,6
"1477","able",77,2,6
"1478","to",78,2,6
"1479","testify",79,2,6
"1480","about",80,2,6
"1481","their",81,2,6
"1482","use",82,2,6
"1483","in",83,2,6
"1484","a",84,2,6
"1485","way",85,2,6
"1486","that",86,2,6
"1487","is",87,1.98076923076923,6
"1488","accessible",88,1.81410256410256,6
"1489","to",89,1.6474358974359,6
"1490","the",90,1.48076923076923,6
"1491","jury.",91,1.31410256410256,6
"1492","In",92,1.43589743589744,6
"1493","a",93,1.45512820512821,6
"1494","series",94,1.60944919278253,6
"1495","of",95,1.44278252611586,6
"1496","studies,",96,1.27611585944919,6
"1497","we",97,1.10944919278253,6
"1498","conduct",98,0.654320987654321,6
"1499","an",99,0.586139169472503,6
"1500","assessment",100,0.598484848484849,6
"1501","of",101,0.931818181818182,6
"1502","language",102,1.26515151515152,6
"1503","and",103,1.59848484848485,6
"1504","supporting",104,1.93181818181818,6
"1505","visual",105,2,6
"1506","aids",106,2,6
"1507","which",107,2,6
"1508","might",108,2,6
"1509","be",109,2,6
"1510","used",110,2,6
"1511","to",111,2,6
"1512","explain",112,1.98333333333333,6
"1513","bullet",113,1.65,6
"1514","matching",114,1.31666666666667,6
"1515","algorithms.",115,0.983333333333333,6
"1516","In",116,0.65,6
"1517","the",117,0.316666666666667,6
"1518","initial",118,0,6
"1519","study,",119,0,6
"1520","we",120,0,6
"1521","encountered",121,0,6
"1522","a",122,0,6
"1523","response",123,0,6
"1524","type",124,0,6
"1525","calibration",125,0,6
"1526","issue",126,0.123015873015873,6
"1527","-",127,NA,6
"1528","individuals",128,0.28968253968254,6
"1529","thought",129,0.456349206349206,6
"1530","highly",130,0.623015873015873,6
"1531","of",131,0.78968253968254,6
"1532","the",132,0.956349206349206,6
"1533","forensic",133,1,6
"1534","witness",134,1,6
"1535","and",135,1,6
"1536","evidence",136,1,6
"1537","regardless",137,1,6
"1538","of",138,1,6
"1539","experimental",139,1,6
"1540","conditions,",140,1,6
"1541","'maxing",141,1,6
"1542","out'",142,1,6
"1543","Likert",143,1,6
"1544","response",144,1,6
"1545","scales",145,1,6
"1546","and",146,1,6
"1547","leaving",147,1,6
"1548","us",148,1,6
"1549","unable",149,1,6
"1550","to",150,1,6
"1551","tell",151,1,6
"1552","if",152,1,6
"1553","the",153,1,6
"1554","conditions",154,1,6
"1555","had",155,1,6
"1556","any",156,1,6
"1557","effect.",157,1,6
"1558","While",158,1,6
"1559","this",159,1,6
"1560","study",160,1,6
"1561","indicated",161,1,6
"1562","that",162,1,6
"1563","individuals",163,1,6
"1564","overall",164,1,6
"1565","found",165,1,6
"1566","the",166,1,6
"1567","testimony",167,1,6
"1568","to",168,1,6
"1569","be",169,1,6
"1570","reliable,",170,1,6
"1571","credible,",171,1,6
"1572","and",172,1,6
"1573","scientific,",173,1,6
"1574","it",174,1,6
"1575","did",175,1,6
"1576","not",176,1,6
"1577","readily",177,1,6
"1578","provide",178,1,6
"1579","information",179,1,6
"1580","about",180,0.952991452991453,6
"1581","our",181,0.786324786324786,6
"1582","question",182,0.61965811965812,6
"1583","of",183,0.452991452991453,6
"1584","interest.",184,0.286324786324786,6
"1585","Additional",185,0.11965811965812,6
"1586","data",186,0,6
"1587","from",187,0,6
"1588","this",188,0,6
"1589","study",189,0,6
"1590","was",190,0,6
"1591","found",191,0,6
"1592","in",192,0,6
"1593","the",193,0,6
"1594","participants'",194,0,6
"1595","note",195,0,6
"1596","pads.",196,0,6
"1597","Through",197,0,6
"1598","cleaning",198,0,6
"1599","sequential",199,0,6
"1600","notes",200,0,6
"1601","and",201,0,6
"1602","designing",202,0,6
"1603","a",203,0,6
"1604","method",204,0,6
"1605","for",205,0,6
"1606","highlighting",206,0,6
"1607","study",207,0,6
"1608","transcripts",208,0,6
"1609","according",209,0,6
"1610","to",210,0,6
"1611","the",211,0,6
"1612","frequency",212,0,6
"1613","of",213,0,6
"1614","collocations",214,0,6
"1615","in",215,0,6
"1616","participant",216,0,6
"1617","notes,",217,0,6
"1618","we",218,0,6
"1619","can",219,0,6
"1620","determine",220,0,6
"1621","which",221,0,6
"1622","portions",222,0,6
"1623","of",223,0,6
"1624","testimony",224,0,6
"1625","participants",225,0,6
"1626","found",226,0,6
"1627","'noteworthy'.",227,0,6
"1628","We",228,0,6
"1629","also",229,0,6
"1630","conducted",230,0.128571428571429,6
"1631","a",231,0.252227342549923,6
"1632","study",232,0.252227342549923,6
"1633","on",233,0.252227342549923,6
"1634","response",234,0.252227342549923,6
"1635","types",235,0.382857973180554,6
"1636","to",236,0.420953211275792,6
"1637","determine",237,0.463963963963964,6
"1638","the",238,0.630630630630631,6
"1639","consistency",239,0.797297297297297,6
"1640","of",240,0.963963963963964,6
"1641","participant",241,1,6
"1642","responses",242,1,6
"1643","across",243,1,6
"1644","response",244,1,6
"1645","types,",245,1,6
"1646","compare",246,1,6
"1647","a",247,1,6
"1648","variety",248,1,6
"1649","of",249,1,6
"1650","response",250,1,6
"1651","types,",251,1,6
"1652","and",252,1,6
"1653","determine",253,1,6
"1654","which",254,1,6
"1655","response",255,1,6
"1656","type",256,1,6
"1657","may",257,1,6
"1658","be",258,1,6
"1659","appropriately",259,1,6
"1660","calibrated",260,1,6
"1661","for",261,1,6
"1662","addressing",262,1,6
"1663","the",263,1,6
"1664","initial",264,1,6
"1665","research",265,1,6
"1666","question",266,1,6
"1667","of",267,1,6
"1668","jury",268,1,6
"1669","perception",269,1,6
"1670","of",270,0.955128205128205,6
"1671","algorithms",271,0.788461538461538,6
"1672","and",272,0.621794871794872,6
"1673","demonstrative",273,0.455128205128205,6
"1674","evidence.",274,0.411010558069382,6
"1675","The",275,0.411010558069382,6
"1676","response",276,0.455882352941176,6
"1677","types",277,0.622549019607843,6
"1678","used",278,0.78921568627451,6
"1679","in",279,0.955882352941177,6
"1680","this",280,1,6
"1681","investigation",281,1,6
"1682","include",282,1,6
"1683","the",283,1,6
"1684","participant's",284,1,6
"1685","interpretation",285,1,6
"1686","of",286,1,6
"1687","the",287,1,6
"1688","strength",288,1,6
"1689","of",289,1,6
"1690","evidence",290,1,6
"1691","(Likert",291,1,6
"1692","scale),",292,1,6
"1693","conviction",293,1,6
"1694","decision",294,1,6
"1695","(binary),",295,1,6
"1696","opinion",296,1,6
"1697","of",297,1,6
"1698","guilt",298,1,6
"1699","(binary),",299,1,6
"1700","willingness",300,1,6
"1701","to",301,1,6
"1702","bet",302,1,6
"1703","on",303,1,6
"1704","their",304,1,6
"1705","opinion",305,1,6
"1706","of",306,1,6
"1707","guilt",307,1,6
"1708","(numeric),",308,1,6
"1709","probability",309,1,6
"1710","of",310,1,6
"1711","guilt",311,1,6
"1712","(numeric),",312,1,6
"1713","and",313,1,6
"1714","chance",314,1,6
"1715","of",315,1,6
"1716","guilt",316,1,6
"1717","/innocence",317,0.833333333333333,6
"1718","(numeric",318,0.666666666666667,6
"1719","or",319,0.5,6
"1720","multiple",320,0.333333333333333,6
"1721","choice).",321,0.166666666666667,6
"1722","The",322,0,6
"1723","note",323,0,6
"1724","cleaning,",324,0,6
"1725","text",325,0,6
"1726","analysis,",326,0,6
"1727","and",327,0,6
"1728","testimony",328,0,6
"1729","tools",329,0,6
"1730","we",330,0,6
"1731","developed",331,0,6
"1732","throughout",332,0,6
"1733","this",333,0,6
"1734","series",334,0,6
"1735","of",335,0,6
"1736","experiments",336,0,6
"1737","will",337,0,6
"1738","benefit",338,0,6
"1739","our",339,0,6
"1740","future",340,0,6
"1741","research",341,0,6
"1742","in",342,0,6
"1743","jury",343,0,6
"1744","perception,",344,0,6
"1745","as",345,0,6
"1746","well",346,0,6
"1747","as",347,0,6
"1748","future",348,0,6
"1749","transcript",349,0,6
"1750","studies.",350,0,6
"1751","Subjective",1,2,7
"1752","pattern",2,2,7
"1753","comparison",3,2,7
"1754","has",4,2,7
"1755","been",5,2,7
"1756","subject",6,2,7
"1757","to",7,2,7
"1758","increased",8,2,7
"1759","scrutiny",9,2,7
"1760","by",10,2,7
"1761","the",11,2,7
"1762","courts",12,2,7
"1763","and",13,2,7
"1764","by",14,2,7
"1765","the",15,2,7
"1766","general",16,2,7
"1767","public,",17,2,7
"1768","resulting",18,2,7
"1769","in",19,2,7
"1770","an",20,2,7
"1771","increased",21,2,7
"1772","interest",22,2,7
"1773","in",23,2,7
"1774","pattern",24,2,7
"1775","comparison",25,2,7
"1776","algorithms",26,2,7
"1777","that",27,2,7
"1778","provide",28,2,7
"1779","quantitative",29,2,7
"1780","assessments",30,2,7
"1781","of",31,2.12244897959184,7
"1782","similarity",32,1.97959183673469,7
"1783","for",33,1.83673469387755,7
"1784","use",34,1.69387755102041,7
"1785","by",35,1.55102040816327,7
"1786","forensic",36,1.40816326530612,7
"1787","scientists.",37,1.26530612244898,7
"1788","While",38,1,7
"1789","these",39,1,7
"1790","algorithms",40,1,7
"1791","would",41,1,7
"1792","mark",42,1,7
"1793","an",43,1,7
"1794","improvement",44,1,7
"1795","over",45,1,7
"1796","current",46,1,7
"1797","subjective",47,1,7
"1798","comparison",48,1,7
"1799","methods,",49,1,7
"1800","individuals",50,1,7
"1801","without",51,1,7
"1802","a",52,1,7
"1803","statistical",53,1,7
"1804","background",54,1,7
"1805","may",55,1,7
"1806","struggle",56,1,7
"1807","with",57,1,7
"1808","the",58,1,7
"1809","statistical",59,1,7
"1810","concepts",60,1,7
"1811","and",61,1,7
"1812","language",62,1,7
"1813","necessary",63,1,7
"1814","for",64,1,7
"1815","describing",65,1,7
"1816","algorithmic",66,1,7
"1817","methods.",67,1.1031746031746,7
"1818","If",68,1.24603174603175,7
"1819","algorithms",69,1.38888888888889,7
"1820","are",70,1.53174603174603,7
"1821","to",71,1.67460317460317,7
"1822","be",72,1.81746031746032,7
"1823","used,",73,1.96031746031746,7
"1824","examiners",74,2,7
"1825","must",75,2,7
"1826","be",76,2,7
"1827","able",77,2,7
"1828","to",78,2,7
"1829","testify",79,2,7
"1830","about",80,2,7
"1831","their",81,2,7
"1832","use",82,2,7
"1833","in",83,2,7
"1834","a",84,2,7
"1835","way",85,2,7
"1836","that",86,1.98617511520737,7
"1837","is",87,1.84331797235023,7
"1838","accessible",88,1.70046082949309,7
"1839","to",89,1.55760368663594,7
"1840","the",90,1.4147465437788,7
"1841","jury.",91,1.37665130568356,7
"1842","In",92,1.37665130568356,7
"1843","a",93,1.58139617449962,7
"1844","series",94,1.43853903164248,7
"1845","of",95,1.29568188878534,7
"1846","studies,",96,1.15282474592819,7
"1847","we",97,1.00996760307105,7
"1848","conduct",98,0.762348555452004,7
"1849","an",99,0.711928387384777,7
"1850","assessment",100,0.521008403361345,7
"1851","of",101,0.80672268907563,7
"1852","language",102,1.09243697478992,7
"1853","and",103,1.3781512605042,7
"1854","supporting",104,1.66386554621849,7
"1855","visual",105,1.94957983193277,7
"1856","aids",106,2,7
"1857","which",107,2,7
"1858","might",108,2,7
"1859","be",109,2,7
"1860","used",110,2,7
"1861","to",111,2.19959611751677,7
"1862","explain",112,1.91388183180249,7
"1863","bullet",113,1.6281675460882,7
"1864","matching",114,1.34245326037392,7
"1865","algorithms.",115,1.05673897465963,7
"1866","In",116,0.771024688945346,7
"1867","the",117,0.48531040323106,7
"1868","initial",118,0,7
"1869","study,",119,0,7
"1870","we",120,0,7
"1871","encountered",121,0,7
"1872","a",122,0,7
"1873","response",123,0,7
"1874","type",124,0,7
"1875","calibration",125,0,7
"1876","issue",126,0.112044817927171,7
"1877","-",127,NA,7
"1878","individuals",128,0.254901960784314,7
"1879","thought",129,0.397759103641457,7
"1880","highly",130,0.540616246498599,7
"1881","of",131,0.683473389355742,7
"1882","the",132,0.826330532212885,7
"1883","forensic",133,0.969187675070028,7
"1884","witness",134,1,7
"1885","and",135,1,7
"1886","evidence",136,1,7
"1887","regardless",137,1,7
"1888","of",138,1,7
"1889","experimental",139,1,7
"1890","conditions,",140,1,7
"1891","'maxing",141,1,7
"1892","out'",142,1,7
"1893","Likert",143,1,7
"1894","response",144,1,7
"1895","scales",145,1,7
"1896","and",146,1,7
"1897","leaving",147,1,7
"1898","us",148,1,7
"1899","unable",149,1,7
"1900","to",150,1,7
"1901","tell",151,1,7
"1902","if",152,1,7
"1903","the",153,1,7
"1904","conditions",154,1,7
"1905","had",155,1,7
"1906","any",156,1,7
"1907","effect.",157,1,7
"1908","While",158,1,7
"1909","this",159,1,7
"1910","study",160,1,7
"1911","indicated",161,1,7
"1912","that",162,1,7
"1913","individuals",163,1,7
"1914","overall",164,1,7
"1915","found",165,1,7
"1916","the",166,1,7
"1917","testimony",167,1,7
"1918","to",168,1,7
"1919","be",169,1,7
"1920","reliable,",170,1,7
"1921","credible,",171,1,7
"1922","and",172,1,7
"1923","scientific,",173,1,7
"1924","it",174,1,7
"1925","did",175,1,7
"1926","not",176,1,7
"1927","readily",177,1,7
"1928","provide",178,1,7
"1929","information",179,0.967930029154519,7
"1930","about",180,0.825072886297376,7
"1931","our",181,0.682215743440233,7
"1932","question",182,0.53935860058309,7
"1933","of",183,0.396501457725948,7
"1934","interest.",184,0.253644314868805,7
"1935","Additional",185,0.110787172011662,7
"1936","data",186,0,7
"1937","from",187,0,7
"1938","this",188,0,7
"1939","study",189,0,7
"1940","was",190,0,7
"1941","found",191,0,7
"1942","in",192,0,7
"1943","the",193,0,7
"1944","participants'",194,0,7
"1945","note",195,0,7
"1946","pads.",196,0,7
"1947","Through",197,0,7
"1948","cleaning",198,0,7
"1949","sequential",199,0,7
"1950","notes",200,0,7
"1951","and",201,0,7
"1952","designing",202,0,7
"1953","a",203,0,7
"1954","method",204,0,7
"1955","for",205,0,7
"1956","highlighting",206,0,7
"1957","study",207,0,7
"1958","transcripts",208,0,7
"1959","according",209,0,7
"1960","to",210,0,7
"1961","the",211,0,7
"1962","frequency",212,0,7
"1963","of",213,0,7
"1964","collocations",214,0,7
"1965","in",215,0,7
"1966","participant",216,0,7
"1967","notes,",217,0,7
"1968","we",218,0,7
"1969","can",219,0,7
"1970","determine",220,0,7
"1971","which",221,0,7
"1972","portions",222,0,7
"1973","of",223,0,7
"1974","testimony",224,0,7
"1975","participants",225,0,7
"1976","found",226,0,7
"1977","'noteworthy'.",227,0,7
"1978","We",228,0,7
"1979","also",229,0,7
"1980","conducted",230,0,7
"1981","a",231,0,7
"1982","study",232,0,7
"1983","on",233,0,7
"1984","response",234,0,7
"1985","types",235,0.119533527696793,7
"1986","to",236,0.262390670553936,7
"1987","determine",237,0.405247813411079,7
"1988","the",238,0.548104956268222,7
"1989","consistency",239,0.690962099125364,7
"1990","of",240,0.833819241982507,7
"1991","participant",241,0.97667638483965,7
"1992","responses",242,1,7
"1993","across",243,1,7
"1994","response",244,1,7
"1995","types,",245,1,7
"1996","compare",246,1,7
"1997","a",247,1,7
"1998","variety",248,1,7
"1999","of",249,1,7
"2000","response",250,1,7
"2001","types,",251,1,7
"2002","and",252,1,7
"2003","determine",253,1,7
"2004","which",254,1,7
"2005","response",255,1,7
"2006","type",256,1,7
"2007","may",257,1,7
"2008","be",258,1,7
"2009","appropriately",259,1,7
"2010","calibrated",260,1,7
"2011","for",261,1,7
"2012","addressing",262,1,7
"2013","the",263,1,7
"2014","initial",264,1,7
"2015","research",265,1,7
"2016","question",266,1,7
"2017","of",267,1,7
"2018","jury",268,1,7
"2019","perception",269,0.968253968253968,7
"2020","of",270,0.825396825396825,7
"2021","algorithms",271,0.682539682539683,7
"2022","and",272,0.53968253968254,7
"2023","demonstrative",273,0.396825396825397,7
"2024","evidence.",274,0.363858363858364,7
"2025","The",275,0.363858363858364,7
"2026","response",276,0.395604395604396,7
"2027","types",277,0.538461538461538,7
"2028","used",278,0.681318681318681,7
"2029","in",279,0.824175824175824,7
"2030","this",280,0.967032967032967,7
"2031","investigation",281,1,7
"2032","include",282,1,7
"2033","the",283,1,7
"2034","participant's",284,1,7
"2035","interpretation",285,1,7
"2036","of",286,1,7
"2037","the",287,1,7
"2038","strength",288,1,7
"2039","of",289,1,7
"2040","evidence",290,1,7
"2041","(Likert",291,1,7
"2042","scale),",292,1,7
"2043","conviction",293,1,7
"2044","decision",294,1,7
"2045","(binary),",295,1,7
"2046","opinion",296,1,7
"2047","of",297,1,7
"2048","guilt",298,1,7
"2049","(binary),",299,1,7
"2050","willingness",300,1,7
"2051","to",301,1,7
"2052","bet",302,1,7
"2053","on",303,1,7
"2054","their",304,1,7
"2055","opinion",305,1,7
"2056","of",306,1,7
"2057","guilt",307,1,7
"2058","(numeric),",308,1,7
"2059","probability",309,1,7
"2060","of",310,1,7
"2061","guilt",311,1,7
"2062","(numeric),",312,1,7
"2063","and",313,1,7
"2064","chance",314,1,7
"2065","of",315,1,7
"2066","guilt",316,0.857142857142857,7
"2067","/innocence",317,0.714285714285714,7
"2068","(numeric",318,0.571428571428571,7
"2069","or",319,0.428571428571429,7
"2070","multiple",320,0.285714285714286,7
"2071","choice).",321,0.142857142857143,7
"2072","The",322,0,7
"2073","note",323,0,7
"2074","cleaning,",324,0,7
"2075","text",325,0,7
"2076","analysis,",326,0,7
"2077","and",327,0,7
"2078","testimony",328,0,7
"2079","tools",329,0,7
"2080","we",330,0,7
"2081","developed",331,0,7
"2082","throughout",332,0,7
"2083","this",333,0,7
"2084","series",334,0,7
"2085","of",335,0,7
"2086","experiments",336,0,7
"2087","will",337,0,7
"2088","benefit",338,0,7
"2089","our",339,0,7
"2090","future",340,0,7
"2091","research",341,0,7
"2092","in",342,0,7
"2093","jury",343,0,7
"2094","perception,",344,0,7
"2095","as",345,0,7
"2096","well",346,0,7
"2097","as",347,0,7
"2098","future",348,0,7
"2099","transcript",349,0,7
"2100","studies.",350,0,7
"2101","Subjective",1,2,8
"2102","pattern",2,2,8
"2103","comparison",3,2,8
"2104","has",4,2,8
"2105","been",5,2,8
"2106","subject",6,2,8
"2107","to",7,2,8
"2108","increased",8,2,8
"2109","scrutiny",9,2,8
"2110","by",10,2,8
"2111","the",11,2,8
"2112","courts",12,2,8
"2113","and",13,2,8
"2114","by",14,2,8
"2115","the",15,2,8
"2116","general",16,2,8
"2117","public,",17,2,8
"2118","resulting",18,2,8
"2119","in",19,2,8
"2120","an",20,2,8
"2121","increased",21,2,8
"2122","interest",22,2,8
"2123","in",23,2,8
"2124","pattern",24,2,8
"2125","comparison",25,2,8
"2126","algorithms",26,2,8
"2127","that",27,2,8
"2128","provide",28,2,8
"2129","quantitative",29,2,8
"2130","assessments",30,2,8
"2131","of",31,2.07577073382545,8
"2132","similarity",32,1.95077073382545,8
"2133","for",33,1.82577073382545,8
"2134","use",34,1.70077073382545,8
"2135","by",35,1.57577073382545,8
"2136","forensic",36,1.45077073382545,8
"2137","scientists.",37,1.32577073382545,8
"2138","While",38,1.20077073382545,8
"2139","these",39,1,8
"2140","algorithms",40,1,8
"2141","would",41,1,8
"2142","mark",42,1,8
"2143","an",43,1,8
"2144","improvement",44,1,8
"2145","over",45,1,8
"2146","current",46,1,8
"2147","subjective",47,1,8
"2148","comparison",48,1,8
"2149","methods,",49,1,8
"2150","individuals",50,1,8
"2151","without",51,1,8
"2152","a",52,1,8
"2153","statistical",53,1,8
"2154","background",54,1,8
"2155","may",55,1,8
"2156","struggle",56,1,8
"2157","with",57,1,8
"2158","the",58,1,8
"2159","statistical",59,1,8
"2160","concepts",60,1,8
"2161","and",61,1,8
"2162","language",62,1,8
"2163","necessary",63,1,8
"2164","for",64,1,8
"2165","describing",65,1,8
"2166","algorithmic",66,1,8
"2167","methods.",67,1,8
"2168","If",68,1.22443181818182,8
"2169","algorithms",69,1.34943181818182,8
"2170","are",70,1.47443181818182,8
"2171","to",71,1.59943181818182,8
"2172","be",72,1.72443181818182,8
"2173","used,",73,1.84943181818182,8
"2174","examiners",74,1.97443181818182,8
"2175","must",75,2.09943181818182,8
"2176","be",76,2,8
"2177","able",77,2,8
"2178","to",78,2,8
"2179","testify",79,2,8
"2180","about",80,2,8
"2181","their",81,2,8
"2182","use",82,2,8
"2183","in",83,2,8
"2184","a",84,2,8
"2185","way",85,1.98928571428571,8
"2186","that",86,1.9540293040293,8
"2187","is",87,1.8290293040293,8
"2188","accessible",88,1.7040293040293,8
"2189","to",89,1.5790293040293,8
"2190","the",90,1.4540293040293,8
"2191","jury.",91,1.42771351455562,8
"2192","In",92,1.60579845045306,8
"2193","a",93,1.36651273616734,8
"2194","series",94,1.15176914642375,8
"2195","of",95,1.02676914642375,8
"2196","studies,",96,0.901769146423752,8
"2197","we",97,0.776769146423752,8
"2198","conduct",98,0.651769146423752,8
"2199","an",99,0.818940847227485,8
"2200","assessment",100,0.640855911330049,8
"2201","of",101,0.890855911330049,8
"2202","language",102,1.14085591133005,8
"2203","and",103,1.39085591133005,8
"2204","supporting",104,1.64085591133005,8
"2205","visual",105,1.89085591133005,8
"2206","aids",106,2.14085591133005,8
"2207","which",107,2,8
"2208","might",108,2,8
"2209","be",109,2,8
"2210","used",110,2.17261904761905,8
"2211","to",111,1.92261904761905,8
"2212","explain",112,1.67261904761905,8
"2213","bullet",113,1.42261904761905,8
"2214","matching",114,1.17261904761905,8
"2215","algorithms.",115,0.922619047619048,8
"2216","In",116,0.672619047619048,8
"2217","the",117,0.422619047619048,8
"2218","initial",118,0,8
"2219","study,",119,0,8
"2220","we",120,0,8
"2221","encountered",121,0,8
"2222","a",122,0,8
"2223","response",123,0,8
"2224","type",124,0,8
"2225","calibration",125,0,8
"2226","issue",126,0.101694915254237,8
"2227","-",127,NA,8
"2228","individuals",128,0.226694915254237,8
"2229","thought",129,0.351694915254237,8
"2230","highly",130,0.476694915254237,8
"2231","of",131,0.601694915254237,8
"2232","the",132,0.726694915254237,8
"2233","forensic",133,0.851694915254237,8
"2234","witness",134,0.976694915254237,8
"2235","and",135,1,8
"2236","evidence",136,1,8
"2237","regardless",137,1,8
"2238","of",138,1,8
"2239","experimental",139,1,8
"2240","conditions,",140,1,8
"2241","'maxing",141,1,8
"2242","out'",142,1,8
"2243","Likert",143,1,8
"2244","response",144,1,8
"2245","scales",145,1,8
"2246","and",146,1,8
"2247","leaving",147,1,8
"2248","us",148,1,8
"2249","unable",149,1,8
"2250","to",150,1,8
"2251","tell",151,1,8
"2252","if",152,1,8
"2253","the",153,1,8
"2254","conditions",154,1,8
"2255","had",155,1,8
"2256","any",156,1,8
"2257","effect.",157,1,8
"2258","While",158,1,8
"2259","this",159,1,8
"2260","study",160,1,8
"2261","indicated",161,1,8
"2262","that",162,1,8
"2263","individuals",163,1,8
"2264","overall",164,1,8
"2265","found",165,1,8
"2266","the",166,1,8
"2267","testimony",167,1,8
"2268","to",168,1,8
"2269","be",169,1,8
"2270","reliable,",170,1,8
"2271","credible,",171,1,8
"2272","and",172,1,8
"2273","scientific,",173,1,8
"2274","it",174,1,8
"2275","did",175,1,8
"2276","not",176,1,8
"2277","readily",177,1,8
"2278","provide",178,0.975877192982456,8
"2279","information",179,0.850877192982456,8
"2280","about",180,0.725877192982456,8
"2281","our",181,0.600877192982456,8
"2282","question",182,0.475877192982456,8
"2283","of",183,0.350877192982456,8
"2284","interest.",184,0.225877192982456,8
"2285","Additional",185,0.100877192982456,8
"2286","data",186,0,8
"2287","from",187,0,8
"2288","this",188,0,8
"2289","study",189,0,8
"2290","was",190,0,8
"2291","found",191,0,8
"2292","in",192,0,8
"2293","the",193,0,8
"2294","participants'",194,0,8
"2295","note",195,0,8
"2296","pads.",196,0,8
"2297","Through",197,0,8
"2298","cleaning",198,0,8
"2299","sequential",199,0,8
"2300","notes",200,0,8
"2301","and",201,0,8
"2302","designing",202,0,8
"2303","a",203,0,8
"2304","method",204,0,8
"2305","for",205,0,8
"2306","highlighting",206,0,8
"2307","study",207,0,8
"2308","transcripts",208,0,8
"2309","according",209,0,8
"2310","to",210,0,8
"2311","the",211,0,8
"2312","frequency",212,0,8
"2313","of",213,0,8
"2314","collocations",214,0,8
"2315","in",215,0,8
"2316","participant",216,0,8
"2317","notes,",217,0,8
"2318","we",218,0,8
"2319","can",219,0,8
"2320","determine",220,0,8
"2321","which",221,0,8
"2322","portions",222,0,8
"2323","of",223,0,8
"2324","testimony",224,0,8
"2325","participants",225,0,8
"2326","found",226,0,8
"2327","'noteworthy'.",227,0,8
"2328","We",228,0,8
"2329","also",229,0,8
"2330","conducted",230,0,8
"2331","a",231,0,8
"2332","study",232,0,8
"2333","on",233,0,8
"2334","response",234,0,8
"2335","types",235,0.108050847457627,8
"2336","to",236,0.233050847457627,8
"2337","determine",237,0.358050847457627,8
"2338","the",238,0.483050847457627,8
"2339","consistency",239,0.608050847457627,8
"2340","of",240,0.733050847457627,8
"2341","participant",241,0.858050847457627,8
"2342","responses",242,0.983050847457627,8
"2343","across",243,1,8
"2344","response",244,1,8
"2345","types,",245,1,8
"2346","compare",246,1,8
"2347","a",247,1,8
"2348","variety",248,1,8
"2349","of",249,1,8
"2350","response",250,1,8
"2351","types,",251,1,8
"2352","and",252,1,8
"2353","determine",253,1,8
"2354","which",254,1,8
"2355","response",255,1,8
"2356","type",256,1,8
"2357","may",257,1,8
"2358","be",258,1,8
"2359","appropriately",259,1,8
"2360","calibrated",260,1,8
"2361","for",261,1,8
"2362","addressing",262,1,8
"2363","the",263,1,8
"2364","initial",264,1,8
"2365","research",265,1,8
"2366","question",266,1,8
"2367","of",267,1,8
"2368","jury",268,0.974264705882353,8
"2369","perception",269,0.849264705882353,8
"2370","of",270,0.724264705882353,8
"2371","algorithms",271,0.599264705882353,8
"2372","and",272,0.474264705882353,8
"2373","demonstrative",273,0.349264705882353,8
"2374","evidence.",274,0.328038290788013,8
"2375","The",275,0.328038290788013,8
"2376","response",276,0.35377358490566,8
"2377","types",277,0.47877358490566,8
"2378","used",278,0.60377358490566,8
"2379","in",279,0.72877358490566,8
"2380","this",280,0.85377358490566,8
"2381","investigation",281,0.97877358490566,8
"2382","include",282,1,8
"2383","the",283,1,8
"2384","participant's",284,1,8
"2385","interpretation",285,1,8
"2386","of",286,1,8
"2387","the",287,1,8
"2388","strength",288,1,8
"2389","of",289,1,8
"2390","evidence",290,1,8
"2391","(Likert",291,1,8
"2392","scale),",292,1,8
"2393","conviction",293,1,8
"2394","decision",294,1,8
"2395","(binary),",295,1,8
"2396","opinion",296,1,8
"2397","of",297,1,8
"2398","guilt",298,1,8
"2399","(binary),",299,1,8
"2400","willingness",300,1,8
"2401","to",301,1,8
"2402","bet",302,1,8
"2403","on",303,1,8
"2404","their",304,1,8
"2405","opinion",305,1,8
"2406","of",306,1,8
"2407","guilt",307,1,8
"2408","(numeric),",308,1,8
"2409","probability",309,1,8
"2410","of",310,1,8
"2411","guilt",311,1,8
"2412","(numeric),",312,1,8
"2413","and",313,1,8
"2414","chance",314,1,8
"2415","of",315,0.875,8
"2416","guilt",316,0.75,8
"2417","/innocence",317,0.625,8
"2418","(numeric",318,0.5,8
"2419","or",319,0.375,8
"2420","multiple",320,0.25,8
"2421","choice).",321,0.125,8
"2422","The",322,0,8
"2423","note",323,0,8
"2424","cleaning,",324,0,8
"2425","text",325,0,8
"2426","analysis,",326,0,8
"2427","and",327,0,8
"2428","testimony",328,0,8
"2429","tools",329,0,8
"2430","we",330,0,8
"2431","developed",331,0,8
"2432","throughout",332,0,8
"2433","this",333,0,8
"2434","series",334,0,8
"2435","of",335,0,8
"2436","experiments",336,0,8
"2437","will",337,0,8
"2438","benefit",338,0,8
"2439","our",339,0,8
"2440","future",340,0,8
"2441","research",341,0,8
"2442","in",342,0,8
"2443","jury",343,0,8
"2444","perception,",344,0,8
"2445","as",345,0,8
"2446","well",346,0,8
"2447","as",347,0,8
"2448","future",348,0,8
"2449","transcript",349,0,8
"2450","studies.",350,0,8
"2451","Subjective",1,2,9
"2452","pattern",2,2,9
"2453","comparison",3,2,9
"2454","has",4,2,9
"2455","been",5,2,9
"2456","subject",6,2,9
"2457","to",7,2,9
"2458","increased",8,2,9
"2459","scrutiny",9,2,9
"2460","by",10,2,9
"2461","the",11,2,9
"2462","courts",12,2,9
"2463","and",13,2,9
"2464","by",14,2,9
"2465","the",15,2,9
"2466","general",16,2,9
"2467","public,",17,2,9
"2468","resulting",18,2,9
"2469","in",19,2,9
"2470","an",20,2,9
"2471","increased",21,2,9
"2472","interest",22,2,9
"2473","in",23,2,9
"2474","pattern",24,2,9
"2475","comparison",25,2,9
"2476","algorithms",26,2,9
"2477","that",27,2,9
"2478","provide",28,2,9
"2479","quantitative",29,2,9
"2480","assessments",30,1.98681732580038,9
"2481","of",31,1.95651429549735,9
"2482","similarity",32,1.84540318438624,9
"2483","for",33,1.73429207327512,9
"2484","use",34,1.62318096216401,9
"2485","by",35,1.5120698510529,9
"2486","forensic",36,1.40095873994179,9
"2487","scientists.",37,1.28984762883068,9
"2488","While",38,1.17873651771957,9
"2489","these",39,1.08080808080808,9
"2490","algorithms",40,1,9
"2491","would",41,1,9
"2492","mark",42,1,9
"2493","an",43,1,9
"2494","improvement",44,1,9
"2495","over",45,1,9
"2496","current",46,1,9
"2497","subjective",47,1,9
"2498","comparison",48,1,9
"2499","methods,",49,1,9
"2500","individuals",50,1,9
"2501","without",51,1,9
"2502","a",52,1,9
"2503","statistical",53,1,9
"2504","background",54,1,9
"2505","may",55,1,9
"2506","struggle",56,1,9
"2507","with",57,1,9
"2508","the",58,1,9
"2509","statistical",59,1,9
"2510","concepts",60,1,9
"2511","and",61,1,9
"2512","language",62,1,9
"2513","necessary",63,1,9
"2514","for",64,1,9
"2515","describing",65,1,9
"2516","algorithmic",66,1,9
"2517","methods.",67,1,9
"2518","If",68,1.28345153664303,9
"2519","algorithms",69,1.39456264775414,9
"2520","are",70,1.50567375886525,9
"2521","to",71,1.61678486997636,9
"2522","be",72,1.72789598108747,9
"2523","used,",73,1.83900709219858,9
"2524","examiners",74,1.95011820330969,9
"2525","must",75,2.0612293144208,9
"2526","be",76,2.17234042553192,9
"2527","able",77,2,9
"2528","to",78,2,9
"2529","testify",79,2,9
"2530","about",80,2,9
"2531","their",81,2,9
"2532","use",82,2,9
"2533","in",83,2,9
"2534","a",84,2.03233466024164,9
"2535","way",85,1.96256721838117,9
"2536","that",86,1.85145610727006,9
"2537","is",87,1.74034499615895,9
"2538","accessible",88,1.62923388504784,9
"2539","to",89,1.51812277393673,9
"2540","the",90,1.40701166282562,9
"2541","jury.",91,1.53618407248583,9
"2542","In",92,1.31396185026361,9
"2543","a",93,1.05940496779975,9
"2544","series",94,0.906950187437992,9
"2545","of",95,0.795839076326881,9
"2546","studies,",96,0.68472796521577,9
"2547","we",97,0.735233015720821,9
"2548","conduct",98,0.62412190460971,9
"2549","an",99,0.866169395649136,9
"2550","assessment",100,0.736996985988921,9
"2551","of",101,0.959219208211144,9
"2552","language",102,1.18144143043337,9
"2553","and",103,1.40366365265559,9
"2554","supporting",104,1.62588587487781,9
"2555","visual",105,1.84810809710003,9
"2556","aids",106,1.90871415770609,9
"2557","which",107,2.13093637992832,9
"2558","might",108,2,9
"2559","be",109,2.16454340681659,9
"2560","used",110,1.94232118459437,9
"2561","to",111,1.72009896237214,9
"2562","explain",112,1.49787674014992,9
"2563","bullet",113,1.2756545179277,9
"2564","matching",114,1.05343229570548,9
"2565","algorithms.",115,0.831210073483254,9
"2566","In",116,0.608987851261032,9
"2567","the",117,0.38676562903881,9
"2568","initial",118,0,9
"2569","study,",119,0,9
"2570","we",120,0,9
"2571","encountered",121,0,9
"2572","a",122,0,9
"2573","response",123,0,9
"2574","type",124,0,9
"2575","calibration",125,0,9
"2576","issue",126,0.091710758377425,9
"2577","-",127,NA,9
"2578","individuals",128,0.202821869488536,9
"2579","thought",129,0.313932980599647,9
"2580","highly",130,0.425044091710758,9
"2581","of",131,0.536155202821869,9
"2582","the",132,0.647266313932981,9
"2583","forensic",133,0.758377425044092,9
"2584","witness",134,0.869488536155203,9
"2585","and",135,0.980599647266314,9
"2586","evidence",136,1,9
"2587","regardless",137,1,9
"2588","of",138,1,9
"2589","experimental",139,1,9
"2590","conditions,",140,1,9
"2591","'maxing",141,1,9
"2592","out'",142,1,9
"2593","Likert",143,1,9
"2594","response",144,1,9
"2595","scales",145,1,9
"2596","and",146,1,9
"2597","leaving",147,1,9
"2598","us",148,1,9
"2599","unable",149,1,9
"2600","to",150,1,9
"2601","tell",151,1,9
"2602","if",152,1,9
"2603","the",153,1,9
"2604","conditions",154,1,9
"2605","had",155,1,9
"2606","any",156,1,9
"2607","effect.",157,1,9
"2608","While",158,1,9
"2609","this",159,1,9
"2610","study",160,1,9
"2611","indicated",161,1,9
"2612","that",162,1,9
"2613","individuals",163,1,9
"2614","overall",164,1,9
"2615","found",165,1,9
"2616","the",166,1,9
"2617","testimony",167,1,9
"2618","to",168,1,9
"2619","be",169,1,9
"2620","reliable,",170,1,9
"2621","credible,",171,1,9
"2622","and",172,1,9
"2623","scientific,",173,1,9
"2624","it",174,1,9
"2625","did",175,1,9
"2626","not",176,1.09814814814815,9
"2627","readily",177,0.987037037037037,9
"2628","provide",178,0.875925925925926,9
"2629","information",179,0.764814814814815,9
"2630","about",180,0.653703703703704,9
"2631","our",181,0.542592592592593,9
"2632","question",182,0.431481481481481,9
"2633","of",183,0.32037037037037,9
"2634","interest.",184,0.209259259259259,9
"2635","Additional",185,0,9
"2636","data",186,0,9
"2637","from",187,0,9
"2638","this",188,0,9
"2639","study",189,0,9
"2640","was",190,0,9
"2641","found",191,0,9
"2642","in",192,0,9
"2643","the",193,0,9
"2644","participants'",194,0,9
"2645","note",195,0,9
"2646","pads.",196,0,9
"2647","Through",197,0,9
"2648","cleaning",198,0,9
"2649","sequential",199,0,9
"2650","notes",200,0,9
"2651","and",201,0,9
"2652","designing",202,0,9
"2653","a",203,0,9
"2654","method",204,0,9
"2655","for",205,0,9
"2656","highlighting",206,0,9
"2657","study",207,0,9
"2658","transcripts",208,0,9
"2659","according",209,0,9
"2660","to",210,0,9
"2661","the",211,0,9
"2662","frequency",212,0,9
"2663","of",213,0,9
"2664","collocations",214,0,9
"2665","in",215,0,9
"2666","participant",216,0,9
"2667","notes,",217,0,9
"2668","we",218,0,9
"2669","can",219,0,9
"2670","determine",220,0,9
"2671","which",221,0,9
"2672","portions",222,0,9
"2673","of",223,0,9
"2674","testimony",224,0,9
"2675","participants",225,0,9
"2676","found",226,0,9
"2677","'noteworthy'.",227,0,9
"2678","We",228,0,9
"2679","also",229,0,9
"2680","conducted",230,0,9
"2681","a",231,0,9
"2682","study",232,0,9
"2683","on",233,0,9
"2684","response",234,0.0858585858585859,9
"2685","types",235,0.0858585858585859,9
"2686","to",236,0.29592803030303,9
"2687","determine",237,0.407039141414141,9
"2688","the",238,0.518150252525252,9
"2689","consistency",239,0.629261363636364,9
"2690","of",240,0.740372474747475,9
"2691","participant",241,0.851483585858586,9
"2692","responses",242,0.962594696969697,9
"2693","across",243,0.987847222222222,9
"2694","response",244,1.09895833333333,9
"2695","types,",245,1,9
"2696","compare",246,1,9
"2697","a",247,1,9
"2698","variety",248,1,9
"2699","of",249,1,9
"2700","response",250,1,9
"2701","types,",251,1,9
"2702","and",252,1,9
"2703","determine",253,1,9
"2704","which",254,1,9
"2705","response",255,1,9
"2706","type",256,1,9
"2707","may",257,1,9
"2708","be",258,1,9
"2709","appropriately",259,1,9
"2710","calibrated",260,1,9
"2711","for",261,1,9
"2712","addressing",262,1,9
"2713","the",263,1,9
"2714","initial",264,1,9
"2715","research",265,1,9
"2716","question",266,1,9
"2717","of",267,1.05703813524421,9
"2718","jury",268,0.945927024133103,9
"2719","perception",269,0.834815913021992,9
"2720","of",270,0.72370480191088,9
"2721","algorithms",271,0.612593690799769,9
"2722","and",272,0.501482579688658,9
"2723","demonstrative",273,0.390371468577547,9
"2724","evidence.",274,0.279260357466436,9
"2725","The",275,0.465297484181529,9
"2726","response",276,0.408259348937315,9
"2727","types",277,0.519370460048426,9
"2728","used",278,0.630481571159537,9
"2729","in",279,0.741592682270648,9
"2730","this",280,0.85270379338176,9
"2731","investigation",281,0.963814904492871,9
"2732","include",282,1.07492601560398,9
"2733","the",283,1.18603712671509,9
"2734","participant's",284,1,9
"2735","interpretation",285,1,9
"2736","of",286,1,9
"2737","the",287,1,9
"2738","strength",288,1,9
"2739","of",289,1,9
"2740","evidence",290,1,9
"2741","(Likert",291,1,9
"2742","scale),",292,1,9
"2743","conviction",293,1,9
"2744","decision",294,1,9
"2745","(binary),",295,1,9
"2746","opinion",296,1,9
"2747","of",297,1,9
"2748","guilt",298,1,9
"2749","(binary),",299,1,9
"2750","willingness",300,1,9
"2751","to",301,1,9
"2752","bet",302,1,9
"2753","on",303,1,9
"2754","their",304,1,9
"2755","opinion",305,1,9
"2756","of",306,1,9
"2757","guilt",307,1,9
"2758","(numeric),",308,1,9
"2759","probability",309,1,9
"2760","of",310,1,9
"2761","guilt",311,1,9
"2762","(numeric),",312,1,9
"2763","and",313,1,9
"2764","chance",314,0.888888888888889,9
"2765","of",315,0.777777777777778,9
"2766","guilt",316,0.666666666666667,9
"2767","/innocence",317,0.555555555555556,9
"2768","(numeric",318,0.444444444444444,9
"2769","or",319,0.333333333333333,9
"2770","multiple",320,0.222222222222222,9
"2771","choice).",321,0.111111111111111,9
"2772","The",322,0,9
"2773","note",323,0,9
"2774","cleaning,",324,0,9
"2775","text",325,0,9
"2776","analysis,",326,0,9
"2777","and",327,0,9
"2778","testimony",328,0,9
"2779","tools",329,0,9
"2780","we",330,0,9
"2781","developed",331,0,9
"2782","throughout",332,0,9
"2783","this",333,0,9
"2784","series",334,0,9
"2785","of",335,0,9
"2786","experiments",336,0,9
"2787","will",337,0,9
"2788","benefit",338,0,9
"2789","our",339,0,9
"2790","future",340,0,9
"2791","research",341,0,9
"2792","in",342,0,9
"2793","jury",343,0,9
"2794","perception,",344,0,9
"2795","as",345,0,9
"2796","well",346,0,9
"2797","as",347,0,9
"2798","future",348,0,9
"2799","transcript",349,0,9
"2800","studies.",350,0,9
"2801","Subjective",1,2,10
"2802","pattern",2,2,10
"2803","comparison",3,2,10
"2804","has",4,2,10
"2805","been",5,2,10
"2806","subject",6,2,10
"2807","to",7,2,10
"2808","increased",8,2,10
"2809","scrutiny",9,2,10
"2810","by",10,2,10
"2811","the",11,2,10
"2812","courts",12,2,10
"2813","and",13,2,10
"2814","by",14,2,10
"2815","the",15,2,10
"2816","general",16,2,10
"2817","public,",17,2,10
"2818","resulting",18,2,10
"2819","in",19,2,10
"2820","an",20,2,10
"2821","increased",21,2,10
"2822","interest",22,2,10
"2823","in",23,2,10
"2824","pattern",24,2,10
"2825","comparison",25,2,10
"2826","algorithms",26,2,10
"2827","that",27,2,10
"2828","provide",28,2,10
"2829","quantitative",29,1.99027777777778,10
"2830","assessments",30,1.96788971807629,10
"2831","of",31,1.86788971807629,10
"2832","similarity",32,1.76788971807629,10
"2833","for",33,1.66788971807629,10
"2834","use",34,1.56788971807629,10
"2835","by",35,1.46788971807629,10
"2836","forensic",36,1.36788971807629,10
"2837","scientists.",37,1.26788971807629,10
"2838","While",38,1.16788971807629,10
"2839","these",39,1.07761194029851,10
"2840","algorithms",40,1,10
"2841","would",41,1,10
"2842","mark",42,1,10
"2843","an",43,1,10
"2844","improvement",44,1,10
"2845","over",45,1,10
"2846","current",46,1,10
"2847","subjective",47,1,10
"2848","comparison",48,1,10
"2849","methods,",49,1,10
"2850","individuals",50,1,10
"2851","without",51,1,10
"2852","a",52,1,10
"2853","statistical",53,1,10
"2854","background",54,1,10
"2855","may",55,1,10
"2856","struggle",56,1,10
"2857","with",57,1,10
"2858","the",58,1,10
"2859","statistical",59,1,10
"2860","concepts",60,1,10
"2861","and",61,1,10
"2862","language",62,1,10
"2863","necessary",63,1,10
"2864","for",64,1,10
"2865","describing",65,1,10
"2866","algorithmic",66,1,10
"2867","methods.",67,1,10
"2868","If",68,1.25838779956427,10
"2869","algorithms",69,1.35838779956427,10
"2870","are",70,1.45838779956427,10
"2871","to",71,1.55838779956427,10
"2872","be",72,1.65838779956427,10
"2873","used,",73,1.75838779956427,10
"2874","examiners",74,1.85838779956427,10
"2875","must",75,1.95838779956427,10
"2876","be",76,2.05838779956427,10
"2877","able",77,2.15838779956427,10
"2878","to",78,2,10
"2879","testify",79,2,10
"2880","about",80,2,10
"2881","their",81,2,10
"2882","use",82,2,10
"2883","in",83,1.9925,10
"2884","a",84,1.96805555555556,10
"2885","way",85,1.86805555555556,10
"2886","that",86,1.76805555555556,10
"2887","is",87,1.66805555555556,10
"2888","accessible",88,1.56805555555556,10
"2889","to",89,1.46805555555556,10
"2890","the",90,1.44061653116531,10
"2891","jury.",91,1.24061653116531,10
"2892","In",92,1.18347367402245,10
"2893","a",93,1.13613496434504,10
"2894","series",94,0.96057940878948,10
"2895","of",95,1.00915083736091,10
"2896","studies,",96,0.909150837360908,10
"2897","we",97,1.10210858383978,10
"2898","conduct",98,1.00210858383978,10
"2899","an",99,1.22706656703306,10
"2900","assessment",100,1.2545055914233,10
"2901","of",101,1.4545055914233,10
"2902","language",102,1.51164844856616,10
"2903","and",103,1.56648715824358,10
"2904","supporting",104,1.76648715824358,10
"2905","visual",105,1.81791572967215,10
"2906","aids",106,2.01791572967215,10
"2907","which",107,1.92495798319328,10
"2908","might",108,2.26870967010286,10
"2909","be",109,1.94375168690958,10
"2910","used",110,1.74375168690958,10
"2911","to",111,1.54375168690958,10
"2912","explain",112,1.34375168690958,10
"2913","bullet",113,1.14375168690958,10
"2914","matching",114,0.943751686909582,10
"2915","algorithms.",115,0.743751686909582,10
"2916","In",116,0.543751686909582,10
"2917","the",117,0.343751686909582,10
"2918","initial",118,0,10
"2919","study,",119,0,10
"2920","we",120,0,10
"2921","encountered",121,0,10
"2922","a",122,0,10
"2923","response",123,0,10
"2924","type",124,0,10
"2925","calibration",125,0,10
"2926","issue",126,0.0847222222222222,10
"2927","-",127,NA,10
"2928","individuals",128,0.184722222222222,10
"2929","thought",129,0.284722222222222,10
"2930","highly",130,0.384722222222222,10
"2931","of",131,0.484722222222222,10
"2932","the",132,0.584722222222222,10
"2933","forensic",133,0.684722222222222,10
"2934","witness",134,0.784722222222222,10
"2935","and",135,0.884722222222222,10
"2936","evidence",136,0.984722222222222,10
"2937","regardless",137,1,10
"2938","of",138,1,10
"2939","experimental",139,1,10
"2940","conditions,",140,1,10
"2941","'maxing",141,1,10
"2942","out'",142,1,10
"2943","Likert",143,1,10
"2944","response",144,1,10
"2945","scales",145,1,10
"2946","and",146,1,10
"2947","leaving",147,1,10
"2948","us",148,1,10
"2949","unable",149,1,10
"2950","to",150,1,10
"2951","tell",151,1,10
"2952","if",152,1,10
"2953","the",153,1,10
"2954","conditions",154,1,10
"2955","had",155,1,10
"2956","any",156,1,10
"2957","effect.",157,1,10
"2958","While",158,1,10
"2959","this",159,1,10
"2960","study",160,1,10
"2961","indicated",161,1,10
"2962","that",162,1,10
"2963","individuals",163,1,10
"2964","overall",164,1,10
"2965","found",165,1,10
"2966","the",166,1,10
"2967","testimony",167,1,10
"2968","to",168,1,10
"2969","be",169,1,10
"2970","reliable,",170,1,10
"2971","credible,",171,1,10
"2972","and",172,1,10
"2973","scientific,",173,1,10
"2974","it",174,1,10
"2975","did",175,1.16371038732394,10
"2976","not",176,1.06371038732394,10
"2977","readily",177,0.963710387323944,10
"2978","provide",178,0.863710387323944,10
"2979","information",179,0.763710387323944,10
"2980","about",180,0.663710387323944,10
"2981","our",181,0.563710387323944,10
"2982","question",182,0.463710387323944,10
"2983","of",183,0.363710387323944,10
"2984","interest.",184,0.263710387323944,10
"2985","Additional",185,0,10
"2986","data",186,0,10
"2987","from",187,0,10
"2988","this",188,0,10
"2989","study",189,0,10
"2990","was",190,0,10
"2991","found",191,0,10
"2992","in",192,0,10
"2993","the",193,0,10
"2994","participants'",194,0,10
"2995","note",195,0,10
"2996","pads.",196,0,10
"2997","Through",197,0,10
"2998","cleaning",198,0,10
"2999","sequential",199,0,10
"3000","notes",200,0,10
"3001","and",201,0,10
"3002","designing",202,0,10
"3003","a",203,0,10
"3004","method",204,0,10
"3005","for",205,0,10
"3006","highlighting",206,0,10
"3007","study",207,0,10
"3008","transcripts",208,0,10
"3009","according",209,0,10
"3010","to",210,0,10
"3011","the",211,0,10
"3012","frequency",212,0,10
"3013","of",213,0,10
"3014","collocations",214,0,10
"3015","in",215,0,10
"3016","participant",216,0,10
"3017","notes,",217,0,10
"3018","we",218,0,10
"3019","can",219,0,10
"3020","determine",220,0,10
"3021","which",221,0,10
"3022","portions",222,0,10
"3023","of",223,0,10
"3024","testimony",224,0,10
"3025","participants",225,0,10
"3026","found",226,0,10
"3027","'noteworthy'.",227,0,10
"3028","We",228,0,10
"3029","also",229,0,10
"3030","conducted",230,0,10
"3031","a",231,0,10
"3032","study",232,0,10
"3033","on",233,0,10
"3034","response",234,0,10
"3035","types",235,0.168961352657005,10
"3036","to",236,0.268961352657005,10
"3037","determine",237,0.368961352657005,10
"3038","the",238,0.468961352657005,10
"3039","consistency",239,0.568961352657005,10
"3040","of",240,0.668961352657005,10
"3041","participant",241,0.768961352657005,10
"3042","responses",242,0.868961352657005,10
"3043","across",243,0.968961352657005,10
"3044","response",244,1.068961352657,10
"3045","types,",245,1,10
"3046","compare",246,1,10
"3047","a",247,1,10
"3048","variety",248,1,10
"3049","of",249,1,10
"3050","response",250,1,10
"3051","types,",251,1,10
"3052","and",252,1,10
"3053","determine",253,1,10
"3054","which",254,1,10
"3055","response",255,1,10
"3056","type",256,1,10
"3057","may",257,1,10
"3058","be",258,1,10
"3059","appropriately",259,1,10
"3060","calibrated",260,1,10
"3061","for",261,1,10
"3062","addressing",262,1,10
"3063","the",263,1,10
"3064","initial",264,1,10
"3065","research",265,1,10
"3066","question",266,1.05258333333333,10
"3067","of",267,0.952583333333333,10
"3068","jury",268,0.852583333333333,10
"3069","perception",269,0.752583333333333,10
"3070","of",270,0.652583333333333,10
"3071","algorithms",271,0.552583333333333,10
"3072","and",272,0.452583333333333,10
"3073","demonstrative",273,0.352583333333333,10
"3074","evidence.",274,0.417085497835498,10
"3075","The",275,0.417085497835498,10
"3076","response",276,0.364502164502164,10
"3077","types",277,0.464502164502164,10
"3078","used",278,0.564502164502165,10
"3079","in",279,0.664502164502164,10
"3080","this",280,0.764502164502164,10
"3081","investigation",281,0.864502164502164,10
"3082","include",282,0.964502164502165,10
"3083","the",283,1.06450216450216,10
"3084","participant's",284,1,10
"3085","interpretation",285,1,10
"3086","of",286,1,10
"3087","the",287,1,10
"3088","strength",288,1,10
"3089","of",289,1,10
"3090","evidence",290,1,10
"3091","(Likert",291,1,10
"3092","scale),",292,1,10
"3093","conviction",293,1,10
"3094","decision",294,1,10
"3095","(binary),",295,1,10
"3096","opinion",296,1,10
"3097","of",297,1,10
"3098","guilt",298,1,10
"3099","(binary),",299,1,10
"3100","willingness",300,1,10
"3101","to",301,1,10
"3102","bet",302,1,10
"3103","on",303,1,10
"3104","their",304,1,10
"3105","opinion",305,1,10
"3106","of",306,1,10
"3107","guilt",307,1,10
"3108","(numeric),",308,1,10
"3109","probability",309,1,10
"3110","of",310,1,10
"3111","guilt",311,1,10
"3112","(numeric),",312,1,10
"3113","and",313,0.9,10
"3114","chance",314,0.8,10
"3115","of",315,0.7,10
"3116","guilt",316,0.6,10
"3117","/innocence",317,0.5,10
"3118","(numeric",318,0.4,10
"3119","or",319,0.3,10
"3120","multiple",320,0.2,10
"3121","choice).",321,0.1,10
"3122","The",322,0,10
"3123","note",323,0,10
"3124","cleaning,",324,0,10
"3125","text",325,0,10
"3126","analysis,",326,0,10
"3127","and",327,0,10
"3128","testimony",328,0,10
"3129","tools",329,0,10
"3130","we",330,0,10
"3131","developed",331,0,10
"3132","throughout",332,0,10
"3133","this",333,0,10
"3134","series",334,0,10
"3135","of",335,0,10
"3136","experiments",336,0,10
"3137","will",337,0,10
"3138","benefit",338,0,10
"3139","our",339,0,10
"3140","future",340,0,10
"3141","research",341,0,10
"3142","in",342,0,10
"3143","jury",343,0,10
"3144","perception,",344,0,10
"3145","as",345,0,10
"3146","well",346,0,10
"3147","as",347,0,10
"3148","future",348,0,10
"3149","transcript",349,0,10
"3150","studies.",350,0,10
"3151","Subjective",1,2,11
"3152","pattern",2,2,11
"3153","comparison",3,2,11
"3154","has",4,2,11
"3155","been",5,2,11
"3156","subject",6,2,11
"3157","to",7,2,11
"3158","increased",8,2,11
"3159","scrutiny",9,2,11
"3160","by",10,2,11
"3161","the",11,2,11
"3162","courts",12,2,11
"3163","and",13,2,11
"3164","by",14,2,11
"3165","the",15,2,11
"3166","general",16,2,11
"3167","public,",17,2,11
"3168","resulting",18,2,11
"3169","in",19,2,11
"3170","an",20,2,11
"3171","increased",21,2,11
"3172","interest",22,2,11
"3173","in",23,2,11
"3174","pattern",24,2,11
"3175","comparison",25,2,11
"3176","algorithms",26,2,11
"3177","that",27,2,11
"3178","provide",28,1.99204545454545,11
"3179","quantitative",29,1.975,11
"3180","assessments",30,1.88409090909091,11
"3181","of",31,1.79318181818182,11
"3182","similarity",32,1.70227272727273,11
"3183","for",33,1.61136363636364,11
"3184","use",34,1.52045454545455,11
"3185","by",35,1.42954545454545,11
"3186","forensic",36,1.33863636363636,11
"3187","scientists.",37,1.24772727272727,11
"3188","While",38,1.15681818181818,11
"3189","these",39,1.07386363636364,11
"3190","algorithms",40,1,11
"3191","would",41,1,11
"3192","mark",42,1,11
"3193","an",43,1,11
"3194","improvement",44,1,11
"3195","over",45,1,11
"3196","current",46,1,11
"3197","subjective",47,1,11
"3198","comparison",48,1,11
"3199","methods,",49,1,11
"3200","individuals",50,1,11
"3201","without",51,1,11
"3202","a",52,1,11
"3203","statistical",53,1,11
"3204","background",54,1,11
"3205","may",55,1,11
"3206","struggle",56,1,11
"3207","with",57,1,11
"3208","the",58,1,11
"3209","statistical",59,1,11
"3210","concepts",60,1,11
"3211","and",61,1,11
"3212","language",62,1,11
"3213","necessary",63,1,11
"3214","for",64,1,11
"3215","describing",65,1,11
"3216","algorithmic",66,1,11
"3217","methods.",67,1,11
"3218","If",68,1.24133178142612,11
"3219","algorithms",69,1.33224087233521,11
"3220","are",70,1.4231499632443,11
"3221","to",71,1.51405905415339,11
"3222","be",72,1.60496814506248,11
"3223","used,",73,1.69587723597158,11
"3224","examiners",74,1.78678632688067,11
"3225","must",75,1.87769541778976,11
"3226","be",76,1.96860450869885,11
"3227","able",77,2.05951359960794,11
"3228","to",78,2.15042269051703,11
"3229","testify",79,2,11
"3230","about",80,2,11
"3231","their",81,2,11
"3232","use",82,1.99380165289256,11
"3233","in",83,1.97445929312467,11
"3234","a",84,1.88355020221558,11
"3235","way",85,1.79264111130649,11
"3236","that",86,1.7017320203974,11
"3237","is",87,1.61082292948831,11
"3238","accessible",88,1.51991383857922,11
"3239","to",89,1.49823987973948,11
"3240","the",90,1.3164216979213,11
"3241","jury.",91,1.20017728659492,11
"3242","In",92,1.15472274114038,11
"3243","a",93,1.11408913232495,11
"3244","series",94,1.08494664360799,11
"3245","of",95,1.13335278292322,11
"3246","studies,",96,1.04244369201413,11
"3247","we",97,1.22308123628804,11
"3248","conduct",98,1.13217214537895,11
"3249","an",99,1.34698280259748,11
"3250","assessment",100,1.36865676143721,11
"3251","of",101,1.55047494325539,11
"3252","language",102,1.66671935458177,11
"3253","and",103,1.71217390003632,11
"3254","supporting",104,1.75900585595918,11
"3255","visual",105,1.80749070444403,11
"3256","aids",106,1.84999365603789,11
"3257","which",107,2.1668849025066,11
"3258","might",108,1.8953382673236,11
"3259","be",109,1.8953382673236,11
"3260","used",110,1.58961851919598,11
"3261","to",111,1.4078003373778,11
"3262","explain",112,1.22598215555962,11
"3263","bullet",113,1.04416397374144,11
"3264","matching",114,0.862345791923257,11
"3265","algorithms.",115,0.680527610105075,11
"3266","In",116,0.498709428286893,11
"3267","the",117,0.316891246468711,11
"3268","initial",118,0,11
"3269","study,",119,0,11
"3270","we",120,0,11
"3271","encountered",121,0,11
"3272","a",122,0,11
"3273","response",123,0,11
"3274","type",124,0,11
"3275","calibration",125,0,11
"3276","issue",126,0,11
"3277","-",127,NA,11
"3278","individuals",128,0.171590909090909,11
"3279","thought",129,0.2625,11
"3280","highly",130,0.353409090909091,11
"3281","of",131,0.444318181818182,11
"3282","the",132,0.535227272727273,11
"3283","forensic",133,0.626136363636364,11
"3284","witness",134,0.717045454545455,11
"3285","and",135,0.807954545454545,11
"3286","evidence",136,0.898863636363636,11
"3287","regardless",137,0.989772727272727,11
"3288","of",138,1.08068181818182,11
"3289","experimental",139,1,11
"3290","conditions,",140,1,11
"3291","'maxing",141,1,11
"3292","out'",142,1,11
"3293","Likert",143,1,11
"3294","response",144,1,11
"3295","scales",145,1,11
"3296","and",146,1,11
"3297","leaving",147,1,11
"3298","us",148,1,11
"3299","unable",149,1,11
"3300","to",150,1,11
"3301","tell",151,1,11
"3302","if",152,1,11
"3303","the",153,1,11
"3304","conditions",154,1,11
"3305","had",155,1,11
"3306","any",156,1,11
"3307","effect.",157,1,11
"3308","While",158,1,11
"3309","this",159,1,11
"3310","study",160,1,11
"3311","indicated",161,1,11
"3312","that",162,1,11
"3313","individuals",163,1,11
"3314","overall",164,1,11
"3315","found",165,1,11
"3316","the",166,1,11
"3317","testimony",167,1,11
"3318","to",168,1,11
"3319","be",169,1,11
"3320","reliable,",170,1,11
"3321","credible,",171,1,11
"3322","and",172,1,11
"3323","scientific,",173,1,11
"3324","it",174,1.15279254831494,11
"3325","did",175,1.06188345740585,11
"3326","not",176,0.970974366496755,11
"3327","readily",177,0.880065275587664,11
"3328","provide",178,0.789156184678573,11
"3329","information",179,0.698247093769482,11
"3330","about",180,0.607338002860391,11
"3331","our",181,0.5164289119513,11
"3332","question",182,0.425519821042209,11
"3333","of",183,0.334610730133118,11
"3334","interest.",184,0.243701639224027,11
"3335","Additional",185,0,11
"3336","data",186,0,11
"3337","from",187,0,11
"3338","this",188,0,11
"3339","study",189,0,11
"3340","was",190,0,11
"3341","found",191,0,11
"3342","in",192,0,11
"3343","the",193,0,11
"3344","participants'",194,0,11
"3345","note",195,0,11
"3346","pads.",196,0,11
"3347","Through",197,0,11
"3348","cleaning",198,0,11
"3349","sequential",199,0,11
"3350","notes",200,0,11
"3351","and",201,0,11
"3352","designing",202,0,11
"3353","a",203,0,11
"3354","method",204,0,11
"3355","for",205,0,11
"3356","highlighting",206,0,11
"3357","study",207,0,11
"3358","transcripts",208,0,11
"3359","according",209,0,11
"3360","to",210,0,11
"3361","the",211,0,11
"3362","frequency",212,0,11
"3363","of",213,0,11
"3364","collocations",214,0,11
"3365","in",215,0,11
"3366","participant",216,0,11
"3367","notes,",217,0,11
"3368","we",218,0,11
"3369","can",219,0,11
"3370","determine",220,0,11
"3371","which",221,0,11
"3372","portions",222,0,11
"3373","of",223,0,11
"3374","testimony",224,0,11
"3375","participants",225,0,11
"3376","found",226,0,11
"3377","'noteworthy'.",227,0,11
"3378","We",228,0,11
"3379","also",229,0,11
"3380","conducted",230,0,11
"3381","a",231,0,11
"3382","study",232,0,11
"3383","on",233,0.0643015521064302,11
"3384","response",234,0.142503361112132,11
"3385","types",235,0.220705170117835,11
"3386","to",236,0.311614261026926,11
"3387","determine",237,0.402523351936017,11
"3388","the",238,0.493432442845108,11
"3389","consistency",239,0.584341533754198,11
"3390","of",240,0.675250624663289,11
"3391","participant",241,0.76615971557238,11
"3392","responses",242,0.857068806481471,11
"3393","across",243,0.947977897390562,11
"3394","response",244,0.974585436193223,11
"3395","types,",245,0.987292718096611,11
"3396","compare",246,1,11
"3397","a",247,1,11
"3398","variety",248,1,11
"3399","of",249,1,11
"3400","response",250,1,11
"3401","types,",251,1,11
"3402","and",252,1,11
"3403","determine",253,1,11
"3404","which",254,1,11
"3405","response",255,1,11
"3406","type",256,1,11
"3407","may",257,1,11
"3408","be",258,1,11
"3409","appropriately",259,1,11
"3410","calibrated",260,1,11
"3411","for",261,1,11
"3412","addressing",262,1,11
"3413","the",263,1,11
"3414","initial",264,1,11
"3415","research",265,0.984848484848485,11
"3416","question",266,0.893939393939394,11
"3417","of",267,0.803030303030303,11
"3418","jury",268,0.712121212121212,11
"3419","perception",269,0.621212121212121,11
"3420","of",270,0.53030303030303,11
"3421","algorithms",271,0.439393939393939,11
"3422","and",272,0.348484848484849,11
"3423","demonstrative",273,0.257575757575758,11
"3424","evidence.",274,0.246810207336523,11
"3425","The",275,0.246810207336523,11
"3426","response",276,0.261961722488038,11
"3427","types",277,0.352870813397129,11
"3428","used",278,0.44377990430622,11
"3429","in",279,0.534688995215311,11
"3430","this",280,0.625598086124402,11
"3431","investigation",281,0.716507177033493,11
"3432","include",282,0.807416267942584,11
"3433","the",283,0.898325358851675,11
"3434","participant's",284,0.989234449760766,11
"3435","interpretation",285,1,11
"3436","of",286,1,11
"3437","the",287,1,11
"3438","strength",288,1,11
"3439","of",289,1,11
"3440","evidence",290,1,11
"3441","(Likert",291,1,11
"3442","scale),",292,1,11
"3443","conviction",293,1,11
"3444","decision",294,1,11
"3445","(binary),",295,1,11
"3446","opinion",296,1,11
"3447","of",297,1,11
"3448","guilt",298,1,11
"3449","(binary),",299,1,11
"3450","willingness",300,1,11
"3451","to",301,1,11
"3452","bet",302,1,11
"3453","on",303,1,11
"3454","their",304,1,11
"3455","opinion",305,1,11
"3456","of",306,1,11
"3457","guilt",307,1,11
"3458","(numeric),",308,1,11
"3459","probability",309,1,11
"3460","of",310,1,11
"3461","guilt",311,1,11
"3462","(numeric),",312,0.909090909090909,11
"3463","and",313,0.818181818181818,11
"3464","chance",314,0.727272727272727,11
"3465","of",315,0.636363636363636,11
"3466","guilt",316,0.545454545454545,11
"3467","/innocence",317,0.454545454545455,11
"3468","(numeric",318,0.363636363636364,11
"3469","or",319,0.272727272727273,11
"3470","multiple",320,0.181818181818182,11
"3471","choice).",321,0.0909090909090909,11
"3472","The",322,0,11
"3473","note",323,0,11
"3474","cleaning,",324,0,11
"3475","text",325,0,11
"3476","analysis,",326,0,11
"3477","and",327,0,11
"3478","testimony",328,0,11
"3479","tools",329,0,11
"3480","we",330,0,11
"3481","developed",331,0,11
"3482","throughout",332,0,11
"3483","this",333,0,11
"3484","series",334,0,11
"3485","of",335,0,11
"3486","experiments",336,0,11
"3487","will",337,0,11
"3488","benefit",338,0,11
"3489","our",339,0,11
"3490","future",340,0,11
"3491","research",341,0,11
"3492","in",342,0,11
"3493","jury",343,0,11
"3494","perception,",344,0,11
"3495","as",345,0,11
"3496","well",346,0,11
"3497","as",347,0,11
"3498","future",348,0,11
"3499","transcript",349,0,11
"3500","studies.",350,0,11
"3501","Subjective",1,2,12
"3502","pattern",2,2,12
"3503","comparison",3,2,12
"3504","has",4,2,12
"3505","been",5,2,12
"3506","subject",6,2,12
"3507","to",7,2,12
"3508","increased",8,2,12
"3509","scrutiny",9,2,12
"3510","by",10,2,12
"3511","the",11,2,12
"3512","courts",12,2,12
"3513","and",13,2,12
"3514","by",14,2,12
"3515","the",15,2,12
"3516","general",16,2,12
"3517","public,",17,2,12
"3518","resulting",18,2,12
"3519","in",19,2,12
"3520","an",20,2,12
"3521","increased",21,2,12
"3522","interest",22,2,12
"3523","in",23,2,12
"3524","pattern",24,2,12
"3525","comparison",25,2,12
"3526","algorithms",26,2,12
"3527","that",27,2.12258443607328,12
"3528","provide",28,2.03925110273995,12
"3529","quantitative",29,1.95591776940661,12
"3530","assessments",30,1.87258443607328,12
"3531","of",31,1.78925110273995,12
"3532","similarity",32,1.70591776940661,12
"3533","for",33,1.62258443607328,12
"3534","use",34,1.53925110273995,12
"3535","by",35,1.45591776940661,12
"3536","forensic",36,1.37258443607328,12
"3537","scientists.",37,1.28925110273995,12
"3538","While",38,1.20591776940661,12
"3539","these",39,1,12
"3540","algorithms",40,1,12
"3541","would",41,1,12
"3542","mark",42,1,12
"3543","an",43,1,12
"3544","improvement",44,1,12
"3545","over",45,1,12
"3546","current",46,1,12
"3547","subjective",47,1,12
"3548","comparison",48,1,12
"3549","methods,",49,1,12
"3550","individuals",50,1,12
"3551","without",51,1,12
"3552","a",52,1,12
"3553","statistical",53,1,12
"3554","background",54,1,12
"3555","may",55,1,12
"3556","struggle",56,1,12
"3557","with",57,1,12
"3558","the",58,1,12
"3559","statistical",59,1,12
"3560","concepts",60,1,12
"3561","and",61,1,12
"3562","language",62,1,12
"3563","necessary",63,1,12
"3564","for",64,1,12
"3565","describing",65,1,12
"3566","algorithmic",66,1,12
"3567","methods.",67,1.13293650793651,12
"3568","If",68,1.21626984126984,12
"3569","algorithms",69,1.29960317460317,12
"3570","are",70,1.38293650793651,12
"3571","to",71,1.46626984126984,12
"3572","be",72,1.54960317460317,12
"3573","used,",73,1.63293650793651,12
"3574","examiners",74,1.71626984126984,12
"3575","must",75,1.79960317460317,12
"3576","be",76,1.88293650793651,12
"3577","able",77,1.96626984126984,12
"3578","to",78,2.04960317460317,12
"3579","testify",79,2,12
"3580","about",80,2,12
"3581","their",81,1.995,12
"3582","use",82,1.98,12
"3583","in",83,1.89666666666667,12
"3584","a",84,1.81333333333333,12
"3585","way",85,1.73,12
"3586","that",86,1.64666666666667,12
"3587","is",87,1.56333333333333,12
"3588","accessible",88,1.47848484848485,12
"3589","to",89,1.34258741258741,12
"3590","the",90,1.20668997668998,12
"3591","jury.",91,1.04002331002331,12
"3592","In",92,1.12335664335664,12
"3593","a",93,1.09156010656011,12
"3594","series",94,1.00290156997474,12
"3595","of",95,1.11265766753572,12
"3596","studies,",96,1.02932433420238,12
"3597","we",97,1.13575003701363,12
"3598","conduct",98,1.117677747857,12
"3599","an",99,1.3137528715637,12
"3600","assessment",100,1.39860135641219,12
"3601","of",101,1.53449879230962,12
"3602","language",102,1.67039622820706,12
"3603","and",103,1.83706289487373,12
"3604","supporting",104,1.75372956154039,12
"3605","visual",105,1.79052609833693,12
"3606","aids",106,2.02305460396254,12
"3607","which",107,1.82996517306824,12
"3608","might",108,1.94871517306824,12
"3609","be",109,1.75895613692366,12
"3610","used",110,1.69369509274695,12
"3611","to",111,1.41428663570691,12
"3612","explain",112,1.24761996904025,12
"3613","bullet",113,1.08095330237358,12
"3614","matching",114,0.914286635706914,12
"3615","algorithms.",115,0.747619969040248,12
"3616","In",116,0.580953302373581,12
"3617","the",117,0.414286635706914,12
"3618","initial",118,0.11875,12
"3619","study,",119,0.11875,12
"3620","we",120,0,12
"3621","encountered",121,0,12
"3622","a",122,0,12
"3623","response",123,0,12
"3624","type",124,0,12
"3625","calibration",125,0,12
"3626","issue",126,0.134404689710936,12
"3627","-",127,NA,12
"3628","individuals",128,0.217738023044269,12
"3629","thought",129,0.301071356377603,12
"3630","highly",130,0.384404689710936,12
"3631","of",131,0.467738023044269,12
"3632","the",132,0.551071356377603,12
"3633","forensic",133,0.634404689710936,12
"3634","witness",134,0.717738023044269,12
"3635","and",135,0.801071356377603,12
"3636","evidence",136,0.884404689710936,12
"3637","regardless",137,0.967738023044269,12
"3638","of",138,1.0510713563776,12
"3639","experimental",139,1,12
"3640","conditions,",140,1,12
"3641","'maxing",141,1,12
"3642","out'",142,1,12
"3643","Likert",143,1,12
"3644","response",144,1,12
"3645","scales",145,1,12
"3646","and",146,1,12
"3647","leaving",147,1,12
"3648","us",148,1,12
"3649","unable",149,1,12
"3650","to",150,1,12
"3651","tell",151,1,12
"3652","if",152,1,12
"3653","the",153,1,12
"3654","conditions",154,1,12
"3655","had",155,1,12
"3656","any",156,1,12
"3657","effect.",157,1,12
"3658","While",158,1,12
"3659","this",159,1,12
"3660","study",160,1,12
"3661","indicated",161,1,12
"3662","that",162,1,12
"3663","individuals",163,1,12
"3664","overall",164,1,12
"3665","found",165,1,12
"3666","the",166,1,12
"3667","testimony",167,1,12
"3668","to",168,1,12
"3669","be",169,1,12
"3670","reliable,",170,1,12
"3671","credible,",171,1,12
"3672","and",172,1,12
"3673","scientific,",173,1,12
"3674","it",174,1.05018759247516,12
"3675","did",175,0.96685425914183,12
"3676","not",176,0.883520925808497,12
"3677","readily",177,0.800187592475164,12
"3678","provide",178,0.71685425914183,12
"3679","information",179,0.633520925808497,12
"3680","about",180,0.550187592475164,12
"3681","our",181,0.46685425914183,12
"3682","question",182,0.383520925808497,12
"3683","of",183,0.300187592475164,12
"3684","interest.",184,0.21685425914183,12
"3685","Additional",185,0.133520925808497,12
"3686","data",186,0,12
"3687","from",187,0,12
"3688","this",188,0,12
"3689","study",189,0,12
"3690","was",190,0,12
"3691","found",191,0,12
"3692","in",192,0,12
"3693","the",193,0,12
"3694","participants'",194,0,12
"3695","note",195,0,12
"3696","pads.",196,0,12
"3697","Through",197,0,12
"3698","cleaning",198,0,12
"3699","sequential",199,0,12
"3700","notes",200,0,12
"3701","and",201,0,12
"3702","designing",202,0,12
"3703","a",203,0,12
"3704","method",204,0,12
"3705","for",205,0,12
"3706","highlighting",206,0,12
"3707","study",207,0,12
"3708","transcripts",208,0,12
"3709","according",209,0,12
"3710","to",210,0,12
"3711","the",211,0,12
"3712","frequency",212,0,12
"3713","of",213,0,12
"3714","collocations",214,0,12
"3715","in",215,0,12
"3716","participant",216,0,12
"3717","notes,",217,0,12
"3718","we",218,0,12
"3719","can",219,0,12
"3720","determine",220,0,12
"3721","which",221,0,12
"3722","portions",222,0,12
"3723","of",223,0,12
"3724","testimony",224,0,12
"3725","participants",225,0,12
"3726","found",226,0,12
"3727","'noteworthy'.",227,0,12
"3728","We",228,0,12
"3729","also",229,0,12
"3730","conducted",230,0,12
"3731","a",231,0,12
"3732","study",232,0,12
"3733","on",233,0,12
"3734","response",234,0.13470989220038,12
"3735","types",235,0.21283489220038,12
"3736","to",236,0.296168225533714,12
"3737","determine",237,0.379501558867047,12
"3738","the",238,0.46283489220038,12
"3739","consistency",239,0.546168225533714,12
"3740","of",240,0.629501558867047,12
"3741","participant",241,0.712834892200381,12
"3742","responses",242,0.796168225533714,12
"3743","across",243,0.879501558867047,12
"3744","response",244,0.962834892200381,12
"3745","types,",245,1.04616822553371,12
"3746","compare",246,0.994791666666667,12
"3747","a",247,1,12
"3748","variety",248,1,12
"3749","of",249,1,12
"3750","response",250,1,12
"3751","types,",251,1,12
"3752","and",252,1,12
"3753","determine",253,1,12
"3754","which",254,1,12
"3755","response",255,1,12
"3756","type",256,1,12
"3757","may",257,1,12
"3758","be",258,1,12
"3759","appropriately",259,1,12
"3760","calibrated",260,1,12
"3761","for",261,1,12
"3762","addressing",262,1,12
"3763","the",263,1.06539481547886,12
"3764","initial",264,1.04745629762438,12
"3765","research",265,0.96412296429105,12
"3766","question",266,0.880789630957717,12
"3767","of",267,0.797456297624384,12
"3768","jury",268,0.71412296429105,12
"3769","perception",269,0.630789630957717,12
"3770","of",270,0.547456297624384,12
"3771","algorithms",271,0.46412296429105,12
"3772","and",272,0.380789630957717,12
"3773","demonstrative",273,0.297456297624384,12
"3774","evidence.",274,0.21412296429105,12
"3775","The",275,0.292967898508652,12
"3776","response",276,0.310906416363127,12
"3777","types",277,0.39423974969646,12
"3778","used",278,0.477573083029794,12
"3779","in",279,0.560906416363127,12
"3780","this",280,0.64423974969646,12
"3781","investigation",281,0.727573083029794,12
"3782","include",282,0.810906416363127,12
"3783","the",283,0.89423974969646,12
"3784","participant's",284,0.977573083029794,12
"3785","interpretation",285,1.06090641636313,12
"3786","of",286,1.14423974969646,12
"3787","the",287,1,12
"3788","strength",288,1,12
"3789","of",289,1,12
"3790","evidence",290,1,12
"3791","(Likert",291,1,12
"3792","scale),",292,1,12
"3793","conviction",293,1,12
"3794","decision",294,1,12
"3795","(binary),",295,1,12
"3796","opinion",296,1,12
"3797","of",297,1,12
"3798","guilt",298,1,12
"3799","(binary),",299,1,12
"3800","willingness",300,1,12
"3801","to",301,1,12
"3802","bet",302,1,12
"3803","on",303,1,12
"3804","their",304,1,12
"3805","opinion",305,1,12
"3806","of",306,1,12
"3807","guilt",307,1,12
"3808","(numeric),",308,1,12
"3809","probability",309,1,12
"3810","of",310,1,12
"3811","guilt",311,0.916666666666667,12
"3812","(numeric),",312,0.833333333333333,12
"3813","and",313,0.75,12
"3814","chance",314,0.666666666666667,12
"3815","of",315,0.583333333333333,12
"3816","guilt",316,0.5,12
"3817","/innocence",317,0.416666666666667,12
"3818","(numeric",318,0.333333333333333,12
"3819","or",319,0.25,12
"3820","multiple",320,0.166666666666667,12
"3821","choice).",321,0.0833333333333333,12
"3822","The",322,0,12
"3823","note",323,0,12
"3824","cleaning,",324,0,12
"3825","text",325,0,12
"3826","analysis,",326,0,12
"3827","and",327,0,12
"3828","testimony",328,0,12
"3829","tools",329,0,12
"3830","we",330,0,12
"3831","developed",331,0,12
"3832","throughout",332,0,12
"3833","this",333,0,12
"3834","series",334,0,12
"3835","of",335,0,12
"3836","experiments",336,0,12
"3837","will",337,0,12
"3838","benefit",338,0,12
"3839","our",339,0,12
"3840","future",340,0,12
"3841","research",341,0,12
"3842","in",342,0,12
"3843","jury",343,0,12
"3844","perception,",344,0,12
"3845","as",345,0,12
"3846","well",346,0,12
"3847","as",347,0,12
"3848","future",348,0,12
"3849","transcript",349,0,12
"3850","studies.",350,0,12
"3851","Subjective",1,2,13
"3852","pattern",2,2,13
"3853","comparison",3,2,13
"3854","has",4,2,13
"3855","been",5,2,13
"3856","subject",6,2,13
"3857","to",7,2,13
"3858","increased",8,2,13
"3859","scrutiny",9,2,13
"3860","by",10,2,13
"3861","the",11,2,13
"3862","courts",12,2,13
"3863","and",13,2,13
"3864","by",14,2,13
"3865","the",15,2,13
"3866","general",16,2,13
"3867","public,",17,2,13
"3868","resulting",18,2,13
"3869","in",19,2,13
"3870","an",20,2,13
"3871","increased",21,2,13
"3872","interest",22,2,13
"3873","in",23,2,13
"3874","pattern",24,2,13
"3875","comparison",25,2,13
"3876","algorithms",26,1.99439102564103,13
"3877","that",27,2.03987464079541,13
"3878","provide",28,1.96295156387233,13
"3879","quantitative",29,1.88602848694926,13
"3880","assessments",30,1.80910541002618,13
"3881","of",31,1.7321823331031,13
"3882","similarity",32,1.65525925618002,13
"3883","for",33,1.57833617925695,13
"3884","use",34,1.50141310233387,13
"3885","by",35,1.42449002541079,13
"3886","forensic",36,1.34756694848772,13
"3887","scientists.",37,1.27064387156464,13
"3888","While",38,1.19372079464156,13
"3889","these",39,1.12240669207746,13
"3890","algorithms",40,1,13
"3891","would",41,1,13
"3892","mark",42,1,13
"3893","an",43,1,13
"3894","improvement",44,1,13
"3895","over",45,1,13
"3896","current",46,1,13
"3897","subjective",47,1,13
"3898","comparison",48,1,13
"3899","methods,",49,1,13
"3900","individuals",50,1,13
"3901","without",51,1,13
"3902","a",52,1,13
"3903","statistical",53,1,13
"3904","background",54,1,13
"3905","may",55,1,13
"3906","struggle",56,1,13
"3907","with",57,1,13
"3908","the",58,1,13
"3909","statistical",59,1,13
"3910","concepts",60,1,13
"3911","and",61,1,13
"3912","language",62,1,13
"3913","necessary",63,1,13
"3914","for",64,1,13
"3915","describing",65,1,13
"3916","algorithmic",66,1.05574136008919,13
"3917","methods.",67,1.12118338075509,13
"3918","If",68,1.19810645767816,13
"3919","algorithms",69,1.27502953460124,13
"3920","are",70,1.35195261152432,13
"3921","to",71,1.42887568844739,13
"3922","be",72,1.50579876537047,13
"3923","used,",73,1.58272184229355,13
"3924","examiners",74,1.65964491921663,13
"3925","must",75,1.7365679961397,13
"3926","be",76,1.81349107306278,13
"3927","able",77,1.89041414998586,13
"3928","to",78,1.96733722690893,13
"3929","testify",79,1.98851894374282,13
"3930","about",80,1.9958041958042,13
"3931","their",81,1.98344155844156,13
"3932","use",82,1.90651848151848,13
"3933","in",83,1.8295954045954,13
"3934","a",84,1.75267232767233,13
"3935","way",85,1.67574925074925,13
"3936","that",86,1.59882617382617,13
"3937","is",87,1.58448216239993,13
"3938","accessible",88,1.43063600855378,13
"3939","to",89,1.39217447009224,13
"3940","the",90,1.26730618768971,13
"3941","jury.",91,1.25624190950215,13
"3942","In",92,1.22508319479913,13
"3943","a",93,1.1981434678594,13
"3944","series",94,1.17513917330338,13
"3945","of",95,1.22059371875793,13
"3946","studies,",96,1.14367064183485,13
"3947","we",97,1.31003915704058,13
"3948","conduct",98,1.2331160801175,13
"3949","an",99,1.41976784060892,13
"3950","assessment",100,1.43411185203516,13
"3951","of",101,1.58795800588132,13
"3952","language",102,1.62641954434285,13
"3953","and",103,1.75128782674538,13
"3954","supporting",104,1.76235210493295,13
"3955","visual",105,1.91174375136287,13
"3956","aids",106,1.78903312865225,13
"3957","which",107,1.78325515896089,13
"3958","might",108,1.66087753658327,13
"3959","be",109,1.66087753658327,13
"3960","used",110,1.41758594445447,13
"3961","to",111,1.41758594445447,13
"3962","explain",112,1.15401110703997,13
"3963","bullet",113,1.00016495319381,13
"3964","matching",114,0.846318799347659,13
"3965","algorithms.",115,0.692472645501505,13
"3966","In",116,0.538626491655351,13
"3967","the",117,0.384780337809197,13
"3968","initial",118,0.112701252236136,13
"3969","study,",119,0.112701252236136,13
"3970","we",120,0,13
"3971","encountered",121,0,13
"3972","a",122,0,13
"3973","response",123,0,13
"3974","type",124,0,13
"3975","calibration",125,0,13
"3976","issue",126,0.0681998413957177,13
"3977","-",127,NA,13
"3978","individuals",128,0.145122918318795,13
"3979","thought",129,0.222045995241872,13
"3980","highly",130,0.298969072164948,13
"3981","of",131,0.375892149088025,13
"3982","the",132,0.452815226011102,13
"3983","forensic",133,0.529738302934179,13
"3984","witness",134,0.606661379857256,13
"3985","and",135,0.683584456780333,13
"3986","evidence",136,0.76050753370341,13
"3987","regardless",137,0.837430610626487,13
"3988","of",138,0.914353687549564,13
"3989","experimental",139,0.991276764472641,13
"3990","conditions,",140,1,13
"3991","'maxing",141,1,13
"3992","out'",142,1,13
"3993","Likert",143,1,13
"3994","response",144,1,13
"3995","scales",145,1,13
"3996","and",146,1,13
"3997","leaving",147,1,13
"3998","us",148,1,13
"3999","unable",149,1,13
"4000","to",150,1,13
"4001","tell",151,1,13
"4002","if",152,1,13
"4003","the",153,1,13
"4004","conditions",154,1,13
"4005","had",155,1,13
"4006","any",156,1,13
"4007","effect.",157,1,13
"4008","While",158,1,13
"4009","this",159,1,13
"4010","study",160,1,13
"4011","indicated",161,1,13
"4012","that",162,1,13
"4013","individuals",163,1,13
"4014","overall",164,1,13
"4015","found",165,1,13
"4016","the",166,1,13
"4017","testimony",167,1,13
"4018","to",168,1,13
"4019","be",169,1,13
"4020","reliable,",170,1,13
"4021","credible,",171,1,13
"4022","and",172,1.09876556370459,13
"4023","scientific,",173,1.02184248678151,13
"4024","it",174,0.973328500767525,13
"4025","did",175,0.896405423844448,13
"4026","not",176,0.819482346921371,13
"4027","readily",177,0.742559269998294,13
"4028","provide",178,0.665636193075217,13
"4029","information",179,0.588713116152141,13
"4030","about",180,0.511790039229064,13
"4031","our",181,0.434866962305987,13
"4032","question",182,0.35794388538291,13
"4033","of",183,0.281020808459833,13
"4034","interest.",184,0.204097731536756,13
"4035","Additional",185,0.0284090909090909,13
"4036","data",186,0.0284090909090909,13
"4037","from",187,0,13
"4038","this",188,0,13
"4039","study",189,0,13
"4040","was",190,0,13
"4041","found",191,0,13
"4042","in",192,0,13
"4043","the",193,0,13
"4044","participants'",194,0,13
"4045","note",195,0,13
"4046","pads.",196,0,13
"4047","Through",197,0,13
"4048","cleaning",198,0,13
"4049","sequential",199,0,13
"4050","notes",200,0,13
"4051","and",201,0,13
"4052","designing",202,0,13
"4053","a",203,0,13
"4054","method",204,0,13
"4055","for",205,0,13
"4056","highlighting",206,0,13
"4057","study",207,0,13
"4058","transcripts",208,0,13
"4059","according",209,0,13
"4060","to",210,0,13
"4061","the",211,0,13
"4062","frequency",212,0,13
"4063","of",213,0,13
"4064","collocations",214,0,13
"4065","in",215,0,13
"4066","participant",216,0,13
"4067","notes,",217,0,13
"4068","we",218,0,13
"4069","can",219,0,13
"4070","determine",220,0,13
"4071","which",221,0,13
"4072","portions",222,0,13
"4073","of",223,0,13
"4074","testimony",224,0,13
"4075","participants",225,0,13
"4076","found",226,0,13
"4077","'noteworthy'.",227,0,13
"4078","We",228,0,13
"4079","also",229,0,13
"4080","conducted",230,0,13
"4081","a",231,0,13
"4082","study",232,0,13
"4083","on",233,0.0606334841628959,13
"4084","response",234,0.130142288611459,13
"4085","types",235,0.202374934014837,13
"4086","to",236,0.279298010937913,13
"4087","determine",237,0.35622108786099,13
"4088","the",238,0.433144164784067,13
"4089","consistency",239,0.510067241707144,13
"4090","of",240,0.586990318630221,13
"4091","participant",241,0.663913395553298,13
"4092","responses",242,0.740836472476375,13
"4093","across",243,0.817759549399452,13
"4094","response",244,0.894682626322529,13
"4095","types,",245,0.971605703245606,13
"4096","compare",246,0.987895296005787,13
"4097","a",247,0.9953095684803,13
"4098","variety",248,1,13
"4099","of",249,1,13
"4100","response",250,1,13
"4101","types,",251,1,13
"4102","and",252,1,13
"4103","determine",253,1,13
"4104","which",254,1,13
"4105","response",255,1,13
"4106","type",256,1,13
"4107","may",257,1,13
"4108","be",258,1,13
"4109","appropriately",259,1,13
"4110","calibrated",260,1,13
"4111","for",261,1,13
"4112","addressing",262,1,13
"4113","the",263,1.05024291497976,13
"4114","initial",264,0.97331983805668,13
"4115","research",265,0.896396761133603,13
"4116","question",266,0.819473684210526,13
"4117","of",267,0.742550607287449,13
"4118","jury",268,0.665627530364372,13
"4119","perception",269,0.588704453441296,13
"4120","of",270,0.511781376518219,13
"4121","algorithms",271,0.434858299595142,13
"4122","and",272,0.357935222672065,13
"4123","demonstrative",273,0.281012145748988,13
"4124","evidence.",274,0.204089068825911,13
"4125","The",275,0.402728292158105,13
"4126","response",276,0.352485377178348,13
"4127","types",277,0.429408454101425,13
"4128","used",278,0.506331531024502,13
"4129","in",279,0.583254607947579,13
"4130","this",280,0.660177684870656,13
"4131","investigation",281,0.737100761793733,13
"4132","include",282,0.81402383871681,13
"4133","the",283,0.890946915639887,13
"4134","participant's",284,0.967869992562964,13
"4135","interpretation",285,1.04479306948604,13
"4136","of",286,1.12171614640912,13
"4137","the",287,1.19863922333219,13
"4138","strength",288,1,13
"4139","of",289,1,13
"4140","evidence",290,1,13
"4141","(Likert",291,1,13
"4142","scale),",292,1,13
"4143","conviction",293,1,13
"4144","decision",294,1,13
"4145","(binary),",295,1,13
"4146","opinion",296,1,13
"4147","of",297,1,13
"4148","guilt",298,1,13
"4149","(binary),",299,1,13
"4150","willingness",300,1,13
"4151","to",301,1,13
"4152","bet",302,1,13
"4153","on",303,1,13
"4154","their",304,1,13
"4155","opinion",305,1,13
"4156","of",306,1,13
"4157","guilt",307,1,13
"4158","(numeric),",308,1,13
"4159","probability",309,1,13
"4160","of",310,0.923076923076923,13
"4161","guilt",311,0.846153846153846,13
"4162","(numeric),",312,0.769230769230769,13
"4163","and",313,0.692307692307692,13
"4164","chance",314,0.615384615384615,13
"4165","of",315,0.538461538461538,13
"4166","guilt",316,0.461538461538462,13
"4167","/innocence",317,0.384615384615385,13
"4168","(numeric",318,0.307692307692308,13
"4169","or",319,0.230769230769231,13
"4170","multiple",320,0.153846153846154,13
"4171","choice).",321,0.0769230769230769,13
"4172","The",322,0,13
"4173","note",323,0,13
"4174","cleaning,",324,0,13
"4175","text",325,0,13
"4176","analysis,",326,0,13
"4177","and",327,0,13
"4178","testimony",328,0,13
"4179","tools",329,0,13
"4180","we",330,0,13
"4181","developed",331,0,13
"4182","throughout",332,0,13
"4183","this",333,0,13
"4184","series",334,0,13
"4185","of",335,0,13
"4186","experiments",336,0,13
"4187","will",337,0,13
"4188","benefit",338,0,13
"4189","our",339,0,13
"4190","future",340,0,13
"4191","research",341,0,13
"4192","in",342,0,13
"4193","jury",343,0,13
"4194","perception,",344,0,13
"4195","as",345,0,13
"4196","well",346,0,13
"4197","as",347,0,13
"4198","future",348,0,13
"4199","transcript",349,0,13
"4200","studies.",350,0,13
"4201","Subjective",1,2,14
"4202","pattern",2,2,14
"4203","comparison",3,2,14
"4204","has",4,2,14
"4205","been",5,2,14
"4206","subject",6,2,14
"4207","to",7,2,14
"4208","increased",8,2,14
"4209","scrutiny",9,2,14
"4210","by",10,2,14
"4211","the",11,2,14
"4212","courts",12,2,14
"4213","and",13,2,14
"4214","by",14,2,14
"4215","the",15,2,14
"4216","general",16,2,14
"4217","public,",17,2,14
"4218","resulting",18,2,14
"4219","in",19,2,14
"4220","an",20,2,14
"4221","increased",21,2,14
"4222","interest",22,2,14
"4223","in",23,2,14
"4224","pattern",24,2,14
"4225","comparison",25,1.99532710280374,14
"4226","algorithms",26,2.01081855579519,14
"4227","that",27,1.96518363516027,14
"4228","provide",28,1.8937550637317,14
"4229","quantitative",29,1.82232649230313,14
"4230","assessments",30,1.75089792087456,14
"4231","of",31,1.67946934944598,14
"4232","similarity",32,1.60804077801741,14
"4233","for",33,1.53661220658884,14
"4234","use",34,1.46518363516027,14
"4235","by",35,1.3937550637317,14
"4236","forensic",36,1.32232649230313,14
"4237","scientists.",37,1.25089792087456,14
"4238","While",38,1.17946934944598,14
"4239","these",39,1.11271367521368,14
"4240","algorithms",40,1.02579365079365,14
"4241","would",41,1,14
"4242","mark",42,1,14
"4243","an",43,1,14
"4244","improvement",44,1,14
"4245","over",45,1,14
"4246","current",46,1,14
"4247","subjective",47,1,14
"4248","comparison",48,1,14
"4249","methods,",49,1,14
"4250","individuals",50,1,14
"4251","without",51,1,14
"4252","a",52,1,14
"4253","statistical",53,1,14
"4254","background",54,1,14
"4255","may",55,1,14
"4256","struggle",56,1,14
"4257","with",57,1,14
"4258","the",58,1,14
"4259","statistical",59,1,14
"4260","concepts",60,1,14
"4261","and",61,1,14
"4262","language",62,1,14
"4263","necessary",63,1,14
"4264","for",64,1,14
"4265","describing",65,1,14
"4266","algorithmic",66,1.02678571428571,14
"4267","methods.",67,1.11521526418787,14
"4268","If",68,1.18664383561644,14
"4269","algorithms",69,1.25807240704501,14
"4270","are",70,1.32950097847358,14
"4271","to",71,1.40092954990215,14
"4272","be",72,1.47235812133072,14
"4273","used,",73,1.5437866927593,14
"4274","examiners",74,1.61521526418787,14
"4275","must",75,1.68664383561644,14
"4276","be",76,1.75807240704501,14
"4277","able",77,1.82950097847358,14
"4278","to",78,1.90092954990215,14
"4279","testify",79,1.96895676078651,14
"4280","about",80,2.00306097624318,14
"4281","their",81,1.91463142634103,14
"4282","use",82,1.84320285491246,14
"4283","in",83,1.77177428348389,14
"4284","a",84,1.70034571205531,14
"4285","way",85,1.62891714062674,14
"4286","that",86,1.61451804765622,14
"4287","is",87,1.4996898378913,14
"4288","accessible",88,1.38486162812638,14
"4289","to",89,1.29745561308879,14
"4290","the",90,1.20932945353406,14
"4291","jury.",91,1.17701652836399,14
"4292","In",92,1.15043845527429,14
"4293","a",93,1.12655249639636,14
"4294","series",94,1.1063691718767,14
"4295","of",95,1.09269136032655,14
"4296","studies,",96,1.0790135487764,14
"4297","we",97,1.17634478896478,14
"4298","conduct",98,1.21839583583124,14
"4299","an",99,1.33122585741755,14
"4300","assessment",100,1.34562495038808,14
"4301","of",101,1.46045316015299,14
"4302","language",102,1.57528136991791,14
"4303","and",103,1.66268738495551,14
"4304","supporting",104,1.74745219997242,14
"4305","visual",105,1.75150766831361,14
"4306","aids",106,1.74197899101084,14
"4307","which",107,1.62640916757585,14
"4308","might",108,1.51427399092454,14
"4309","be",109,1.45652323104613,14
"4310","used",110,1.39877247116771,14
"4311","to",111,1.23001265955075,14
"4312","explain",112,1.11653304125572,14
"4313","bullet",113,0.932274448240835,14
"4314","matching",114,0.789417305383692,14
"4315","algorithms.",115,0.646560162526549,14
"4316","In",116,0.503703019669406,14
"4317","the",117,0.360845876812263,14
"4318","initial",118,0.221350078492936,14
"4319","study,",119,0.106750392464678,14
"4320","we",120,0,14
"4321","encountered",121,0,14
"4322","a",122,0,14
"4323","response",123,0,14
"4324","type",124,0,14
"4325","calibration",125,0,14
"4326","issue",126,0.115343915343915,14
"4327","-",127,NA,14
"4328","individuals",128,0.186772486772487,14
"4329","thought",129,0.258201058201058,14
"4330","highly",130,0.32962962962963,14
"4331","of",131,0.401058201058201,14
"4332","the",132,0.472486772486772,14
"4333","forensic",133,0.543915343915344,14
"4334","witness",134,0.615343915343915,14
"4335","and",135,0.686772486772487,14
"4336","evidence",136,0.758201058201058,14
"4337","regardless",137,0.82962962962963,14
"4338","of",138,0.901058201058201,14
"4339","experimental",139,0.972486772486772,14
"4340","conditions,",140,1.04391534391534,14
"4341","'maxing",141,1,14
"4342","out'",142,1,14
"4343","Likert",143,1,14
"4344","response",144,1,14
"4345","scales",145,1,14
"4346","and",146,1,14
"4347","leaving",147,1,14
"4348","us",148,1,14
"4349","unable",149,1,14
"4350","to",150,1,14
"4351","tell",151,1,14
"4352","if",152,1,14
"4353","the",153,1,14
"4354","conditions",154,1,14
"4355","had",155,1,14
"4356","any",156,1,14
"4357","effect.",157,1,14
"4358","While",158,1,14
"4359","this",159,1,14
"4360","study",160,1,14
"4361","indicated",161,1,14
"4362","that",162,1,14
"4363","individuals",163,1,14
"4364","overall",164,1,14
"4365","found",165,1,14
"4366","the",166,1,14
"4367","testimony",167,1,14
"4368","to",168,1,14
"4369","be",169,1,14
"4370","reliable,",170,1,14
"4371","credible,",171,1,14
"4372","and",172,1.04733043098286,14
"4373","scientific,",173,0.97590185955429,14
"4374","it",174,0.904473288125718,14
"4375","did",175,0.833044716697147,14
"4376","not",176,0.761616145268575,14
"4377","readily",177,0.690187573840004,14
"4378","provide",178,0.618759002411432,14
"4379","information",179,0.547330430982861,14
"4380","about",180,0.47590185955429,14
"4381","our",181,0.404473288125718,14
"4382","question",182,0.333044716697147,14
"4383","of",183,0.261616145268575,14
"4384","interest.",184,0.190187573840004,14
"4385","Additional",185,0.118759002411432,14
"4386","data",186,0,14
"4387","from",187,0,14
"4388","this",188,0,14
"4389","study",189,0,14
"4390","was",190,0,14
"4391","found",191,0,14
"4392","in",192,0,14
"4393","the",193,0,14
"4394","participants'",194,0,14
"4395","note",195,0,14
"4396","pads.",196,0,14
"4397","Through",197,0,14
"4398","cleaning",198,0,14
"4399","sequential",199,0,14
"4400","notes",200,0,14
"4401","and",201,0,14
"4402","designing",202,0,14
"4403","a",203,0,14
"4404","method",204,0,14
"4405","for",205,0,14
"4406","highlighting",206,0,14
"4407","study",207,0,14
"4408","transcripts",208,0,14
"4409","according",209,0,14
"4410","to",210,0,14
"4411","the",211,0,14
"4412","frequency",212,0,14
"4413","of",213,0,14
"4414","collocations",214,0,14
"4415","in",215,0,14
"4416","participant",216,0,14
"4417","notes,",217,0,14
"4418","we",218,0,14
"4419","can",219,0,14
"4420","determine",220,0,14
"4421","which",221,0,14
"4422","portions",222,0,14
"4423","of",223,0,14
"4424","testimony",224,0,14
"4425","participants",225,0,14
"4426","found",226,0,14
"4427","'noteworthy'.",227,0,14
"4428","We",228,0,14
"4429","also",229,0,14
"4430","conducted",230,0,14
"4431","a",231,0,14
"4432","study",232,0.0509118541033435,14
"4433","on",233,0.0800267609356416,14
"4434","response",234,0.173847550120881,14
"4435","types",235,0.241307867581198,14
"4436","to",236,0.31273643900977,14
"4437","determine",237,0.384165010438341,14
"4438","the",238,0.455593581866913,14
"4439","consistency",239,0.527022153295484,14
"4440","of",240,0.598450724724055,14
"4441","participant",241,0.669879296152627,14
"4442","responses",242,0.741307867581198,14
"4443","across",243,0.81273643900977,14
"4444","response",244,0.884165010438341,14
"4445","types,",245,0.955593581866913,14
"4446","compare",246,0.976110299192141,14
"4447","a",247,1.01842396378841,14
"4448","variety",248,0.996031746031746,14
"4449","of",249,1,14
"4450","response",250,1,14
"4451","types,",251,1,14
"4452","and",252,1,14
"4453","determine",253,1,14
"4454","which",254,1,14
"4455","response",255,1,14
"4456","type",256,1,14
"4457","may",257,1,14
"4458","be",258,1,14
"4459","appropriately",259,1,14
"4460","calibrated",260,1,14
"4461","for",261,1,14
"4462","addressing",262,0.991836734693878,14
"4463","the",263,0.9751478161358,14
"4464","initial",264,0.903719244707229,14
"4465","research",265,0.832290673278657,14
"4466","question",266,0.760862101850086,14
"4467","of",267,0.689433530421514,14
"4468","jury",268,0.618004958992943,14
"4469","perception",269,0.546576387564372,14
"4470","of",270,0.4751478161358,14
"4471","algorithms",271,0.403719244707229,14
"4472","and",272,0.332290673278657,14
"4473","demonstrative",273,0.260862101850086,14
"4474","evidence.",274,0.42620427558594,14
"4475","The",275,0.42620427558594,14
"4476","response",276,0.434367540892062,14
"4477","types",277,0.45105645945014,14
"4478","used",278,0.522485030878711,14
"4479","in",279,0.593913602307282,14
"4480","this",280,0.665342173735854,14
"4481","investigation",281,0.736770745164425,14
"4482","include",282,0.808199316592997,14
"4483","the",283,0.879627888021568,14
"4484","participant's",284,0.95105645945014,14
"4485","interpretation",285,1.02248503087871,14
"4486","of",286,1.09391360230728,14
"4487","the",287,1.16534217373585,14
"4488","strength",288,1,14
"4489","of",289,1,14
"4490","evidence",290,1,14
"4491","(Likert",291,1,14
"4492","scale),",292,1,14
"4493","conviction",293,1,14
"4494","decision",294,1,14
"4495","(binary),",295,1,14
"4496","opinion",296,1,14
"4497","of",297,1,14
"4498","guilt",298,1,14
"4499","(binary),",299,1,14
"4500","willingness",300,1,14
"4501","to",301,1,14
"4502","bet",302,1,14
"4503","on",303,1,14
"4504","their",304,1,14
"4505","opinion",305,1,14
"4506","of",306,1,14
"4507","guilt",307,1,14
"4508","(numeric),",308,1,14
"4509","probability",309,0.928571428571429,14
"4510","of",310,0.857142857142857,14
"4511","guilt",311,0.785714285714286,14
"4512","(numeric),",312,0.714285714285714,14
"4513","and",313,0.642857142857143,14
"4514","chance",314,0.571428571428571,14
"4515","of",315,0.5,14
"4516","guilt",316,0.428571428571429,14
"4517","/innocence",317,0.357142857142857,14
"4518","(numeric",318,0.285714285714286,14
"4519","or",319,0.214285714285714,14
"4520","multiple",320,0.142857142857143,14
"4521","choice).",321,0.0714285714285714,14
"4522","The",322,0,14
"4523","note",323,0,14
"4524","cleaning,",324,0,14
"4525","text",325,0,14
"4526","analysis,",326,0,14
"4527","and",327,0,14
"4528","testimony",328,0,14
"4529","tools",329,0,14
"4530","we",330,0,14
"4531","developed",331,0,14
"4532","throughout",332,0,14
"4533","this",333,0,14
"4534","series",334,0,14
"4535","of",335,0,14
"4536","experiments",336,0,14
"4537","will",337,0,14
"4538","benefit",338,0,14
"4539","our",339,0,14
"4540","future",340,0,14
"4541","research",341,0,14
"4542","in",342,0,14
"4543","jury",343,0,14
"4544","perception,",344,0,14
"4545","as",345,0,14
"4546","well",346,0,14
"4547","as",347,0,14
"4548","future",348,0,14
"4549","transcript",349,0,14
"4550","studies.",350,0,14
"4551","Subjective",1,2,15
"4552","pattern",2,2,15
"4553","comparison",3,2,15
"4554","has",4,2,15
"4555","been",5,2,15
"4556","subject",6,2,15
"4557","to",7,2,15
"4558","increased",8,2,15
"4559","scrutiny",9,2,15
"4560","by",10,2,15
"4561","the",11,2,15
"4562","courts",12,2,15
"4563","and",13,2,15
"4564","by",14,2,15
"4565","the",15,2,15
"4566","general",16,2,15
"4567","public,",17,2,15
"4568","resulting",18,2,15
"4569","in",19,2,15
"4570","an",20,2,15
"4571","increased",21,2,15
"4572","interest",22,2,15
"4573","in",23,2.06312684365782,15
"4574","pattern",24,1.99646017699115,15
"4575","comparison",25,1.98776452481724,15
"4576","algorithms",26,1.97407404862676,15
"4577","that",27,1.90740738196009,15
"4578","provide",28,1.84074071529343,15
"4579","quantitative",29,1.77407404862676,15
"4580","assessments",30,1.70740738196009,15
"4581","of",31,1.64074071529343,15
"4582","similarity",32,1.57407404862676,15
"4583","for",33,1.50740738196009,15
"4584","use",34,1.44074071529343,15
"4585","by",35,1.37407404862676,15
"4586","forensic",36,1.30740738196009,15
"4587","scientists.",37,1.24074071529343,15
"4588","While",38,1.11094720496894,15
"4589","these",39,1.11094720496894,15
"4590","algorithms",40,1.05297619047619,15
"4591","would",41,1,15
"4592","mark",42,1,15
"4593","an",43,1,15
"4594","improvement",44,1,15
"4595","over",45,1,15
"4596","current",46,1,15
"4597","subjective",47,1,15
"4598","comparison",48,1,15
"4599","methods,",49,1,15
"4600","individuals",50,1,15
"4601","without",51,1,15
"4602","a",52,1,15
"4603","statistical",53,1,15
"4604","background",54,1,15
"4605","may",55,1,15
"4606","struggle",56,1,15
"4607","with",57,1,15
"4608","the",58,1,15
"4609","statistical",59,1,15
"4610","concepts",60,1,15
"4611","and",61,1,15
"4612","language",62,1,15
"4613","necessary",63,1,15
"4614","for",64,1,15
"4615","describing",65,1,15
"4616","algorithmic",66,1,15
"4617","methods.",67,1,15
"4618","If",68,1.22760256410256,15
"4619","algorithms",69,1.29426923076923,15
"4620","are",70,1.3609358974359,15
"4621","to",71,1.42760256410256,15
"4622","be",72,1.49426923076923,15
"4623","used,",73,1.5609358974359,15
"4624","examiners",74,1.62760256410256,15
"4625","must",75,1.69426923076923,15
"4626","be",76,1.7609358974359,15
"4627","able",77,1.82760256410256,15
"4628","to",78,1.89119230769231,15
"4629","testify",79,1.94916332218506,15
"4630","about",80,1.94916332218506,15
"4631","their",81,1.94916332218506,15
"4632","use",82,1.94916332218506,15
"4633","in",83,1.7215607580825,15
"4634","a",84,1.65489409141583,15
"4635","way",85,1.6430882557294,15
"4636","that",86,1.50975492239606,15
"4637","is",87,1.4821126459733,15
"4638","accessible",88,1.34877931263997,15
"4639","to",89,1.3196126459733,15
"4640","the",90,1.28713570262679,15
"4641","jury.",91,1.20654962204071,15
"4642","In",92,1.23585365134474,15
"4643","a",93,1.21507092529886,15
"4644","series",94,1.09043324413944,15
"4645","of",95,1.24094870805696,15
"4646","studies,",96,1.1742820413903,15
"4647","we",97,1.32321821160306,15
"4648","conduct",98,1.25655154493639,15
"4649","an",99,1.41878558748959,15
"4650","assessment",100,1.43059142317602,15
"4651","of",101,1.56392475650935,15
"4652","language",102,1.59156703293212,15
"4653","and",103,1.83599345866284,15
"4654","supporting",104,1.73182679199617,15
"4655","visual",105,1.73301121833588,15
"4656","aids",106,1.77470841003307,15
"4657","which",107,1.61207104739571,15
"4658","might",108,1.50259736318518,15
"4659","be",109,1.50259736318518,15
"4660","used",110,1.28541523260099,15
"4661","to",111,1.28541523260099,15
"4662","explain",112,1.06981239572156,15
"4663","bullet",113,1.06981239572156,15
"4664","matching",114,0.840911686501698,15
"4665","algorithms.",115,0.707578353168365,15
"4666","In",116,0.574245019835032,15
"4667","the",117,0.440911686501698,15
"4668","initial",118,0.196485260770975,15
"4669","study,",119,0.196485260770975,15
"4670","we",120,0.0944444444444445,15
"4671","encountered",121,0,15
"4672","a",122,0,15
"4673","response",123,0,15
"4674","type",124,0,15
"4675","calibration",125,0,15
"4676","issue",126,0.111208490243067,15
"4677","-",127,NA,15
"4678","individuals",128,0.177875156909734,15
"4679","thought",129,0.244541823576401,15
"4680","highly",130,0.311208490243067,15
"4681","of",131,0.377875156909734,15
"4682","the",132,0.444541823576401,15
"4683","forensic",133,0.511208490243067,15
"4684","witness",134,0.577875156909734,15
"4685","and",135,0.644541823576401,15
"4686","evidence",136,0.711208490243067,15
"4687","regardless",137,0.777875156909734,15
"4688","of",138,0.844541823576401,15
"4689","experimental",139,0.911208490243067,15
"4690","conditions,",140,0.977875156909734,15
"4691","'maxing",141,1.0445418235764,15
"4692","out'",142,1,15
"4693","Likert",143,1,15
"4694","response",144,1,15
"4695","scales",145,1,15
"4696","and",146,1,15
"4697","leaving",147,1,15
"4698","us",148,1,15
"4699","unable",149,1,15
"4700","to",150,1,15
"4701","tell",151,1,15
"4702","if",152,1,15
"4703","the",153,1,15
"4704","conditions",154,1,15
"4705","had",155,1,15
"4706","any",156,1,15
"4707","effect.",157,1,15
"4708","While",158,1,15
"4709","this",159,1,15
"4710","study",160,1,15
"4711","indicated",161,1,15
"4712","that",162,1,15
"4713","individuals",163,1,15
"4714","overall",164,1,15
"4715","found",165,1,15
"4716","the",166,1,15
"4717","testimony",167,1,15
"4718","to",168,1,15
"4719","be",169,1,15
"4720","reliable,",170,1,15
"4721","credible,",171,0.992666666666667,15
"4722","and",172,0.978287581699346,15
"4723","scientific,",173,0.91162091503268,15
"4724","it",174,0.844954248366013,15
"4725","did",175,0.778287581699346,15
"4726","not",176,0.71162091503268,15
"4727","readily",177,0.644954248366013,15
"4728","provide",178,0.578287581699346,15
"4729","information",179,0.51162091503268,15
"4730","about",180,0.444954248366013,15
"4731","our",181,0.378287581699346,15
"4732","question",182,0.31162091503268,15
"4733","of",183,0.244954248366013,15
"4734","interest.",184,0.178287581699346,15
"4735","Additional",185,0.11162091503268,15
"4736","data",186,0.0522875816993464,15
"4737","from",187,0,15
"4738","this",188,0,15
"4739","study",189,0,15
"4740","was",190,0,15
"4741","found",191,0,15
"4742","in",192,0,15
"4743","the",193,0,15
"4744","participants'",194,0,15
"4745","note",195,0,15
"4746","pads.",196,0,15
"4747","Through",197,0,15
"4748","cleaning",198,0,15
"4749","sequential",199,0,15
"4750","notes",200,0,15
"4751","and",201,0,15
"4752","designing",202,0,15
"4753","a",203,0,15
"4754","method",204,0,15
"4755","for",205,0,15
"4756","highlighting",206,0,15
"4757","study",207,0,15
"4758","transcripts",208,0,15
"4759","according",209,0,15
"4760","to",210,0,15
"4761","the",211,0,15
"4762","frequency",212,0,15
"4763","of",213,0,15
"4764","collocations",214,0,15
"4765","in",215,0,15
"4766","participant",216,0,15
"4767","notes,",217,0,15
"4768","we",218,0,15
"4769","can",219,0,15
"4770","determine",220,0,15
"4771","which",221,0,15
"4772","portions",222,0,15
"4773","of",223,0,15
"4774","testimony",224,0,15
"4775","participants",225,0,15
"4776","found",226,0,15
"4777","'noteworthy'.",227,0,15
"4778","We",228,0,15
"4779","also",229,0,15
"4780","conducted",230,0,15
"4781","a",231,0,15
"4782","study",232,0,15
"4783","on",233,0.106156320830592,15
"4784","response",234,0.167088220472169,15
"4785","types",235,0.230131698733038,15
"4786","to",236,0.296798365399705,15
"4787","determine",237,0.363465032066371,15
"4788","the",238,0.430131698733038,15
"4789","consistency",239,0.496798365399705,15
"4790","of",240,0.563465032066371,15
"4791","participant",241,0.630131698733038,15
"4792","responses",242,0.696798365399705,15
"4793","across",243,0.763465032066371,15
"4794","response",244,0.830131698733038,15
"4795","types,",245,0.896798365399705,15
"4796","compare",246,0.963465032066371,15
"4797","a",247,1.03013169873304,15
"4798","variety",248,0.990642044569113,15
"4799","of",249,0.996376811594203,15
"4800","response",250,1,15
"4801","types,",251,1,15
"4802","and",252,1,15
"4803","determine",253,1,15
"4804","which",254,1,15
"4805","response",255,1,15
"4806","type",256,1,15
"4807","may",257,1,15
"4808","be",258,1,15
"4809","appropriately",259,1,15
"4810","calibrated",260,1,15
"4811","for",261,1.047046515371,15
"4812","addressing",262,0.98037984870433,15
"4813","the",263,0.913713182037663,15
"4814","initial",264,0.847046515370996,15
"4815","research",265,0.78037984870433,15
"4816","question",266,0.713713182037663,15
"4817","of",267,0.647046515370996,15
"4818","jury",268,0.58037984870433,15
"4819","perception",269,0.513713182037663,15
"4820","of",270,0.447046515370996,15
"4821","algorithms",271,0.38037984870433,15
"4822","and",272,0.313713182037663,15
"4823","demonstrative",273,0.247046515370996,15
"4824","evidence.",274,0.233838968201185,15
"4825","The",275,0.407069208751013,15
"4826","response",276,0.360022693380017,15
"4827","types",277,0.426689360046684,15
"4828","used",278,0.49335602671335,15
"4829","in",279,0.560022693380017,15
"4830","this",280,0.626689360046684,15
"4831","investigation",281,0.69335602671335,15
"4832","include",282,0.760022693380017,15
"4833","the",283,0.826689360046684,15
"4834","participant's",284,0.89335602671335,15
"4835","interpretation",285,0.960022693380017,15
"4836","of",286,1.02668936004668,15
"4837","the",287,1.09335602671335,15
"4838","strength",288,1.16002269338002,15
"4839","of",289,1.17323024054983,15
"4840","evidence",290,1,15
"4841","(Likert",291,1,15
"4842","scale),",292,1,15
"4843","conviction",293,1,15
"4844","decision",294,1,15
"4845","(binary),",295,1,15
"4846","opinion",296,1,15
"4847","of",297,1,15
"4848","guilt",298,1,15
"4849","(binary),",299,1,15
"4850","willingness",300,1,15
"4851","to",301,1,15
"4852","bet",302,1,15
"4853","on",303,1,15
"4854","their",304,1,15
"4855","opinion",305,1,15
"4856","of",306,1,15
"4857","guilt",307,1,15
"4858","(numeric),",308,0.933333333333333,15
"4859","probability",309,0.866666666666667,15
"4860","of",310,0.8,15
"4861","guilt",311,0.733333333333333,15
"4862","(numeric),",312,0.666666666666667,15
"4863","and",313,0.6,15
"4864","chance",314,0.533333333333333,15
"4865","of",315,0.466666666666667,15
"4866","guilt",316,0.4,15
"4867","/innocence",317,0.333333333333333,15
"4868","(numeric",318,0.266666666666667,15
"4869","or",319,0.2,15
"4870","multiple",320,0.133333333333333,15
"4871","choice).",321,0.0666666666666667,15
"4872","The",322,0,15
"4873","note",323,0,15
"4874","cleaning,",324,0,15
"4875","text",325,0,15
"4876","analysis,",326,0,15
"4877","and",327,0,15
"4878","testimony",328,0,15
"4879","tools",329,0,15
"4880","we",330,0,15
"4881","developed",331,0,15
"4882","throughout",332,0,15
"4883","this",333,0,15
"4884","series",334,0,15
"4885","of",335,0,15
"4886","experiments",336,0,15
"4887","will",337,0,15
"4888","benefit",338,0,15
"4889","our",339,0,15
"4890","future",340,0,15
"4891","research",341,0,15
"4892","in",342,0,15
"4893","jury",343,0,15
"4894","perception,",344,0,15
"4895","as",345,0,15
"4896","well",346,0,15
"4897","as",347,0,15
"4898","future",348,0,15
"4899","transcript",349,0,15
"4900","studies.",350,0,15
"4901","Subjective",1,2,16
"4902","pattern",2,2,16
"4903","comparison",3,2,16
"4904","has",4,2,16
"4905","been",5,2,16
"4906","subject",6,2,16
"4907","to",7,2,16
"4908","increased",8,2,16
"4909","scrutiny",9,2,16
"4910","by",10,2,16
"4911","the",11,2,16
"4912","courts",12,2,16
"4913","and",13,2,16
"4914","by",14,2,16
"4915","the",15,2,16
"4916","general",16,2,16
"4917","public,",17,2,16
"4918","resulting",18,2,16
"4919","in",19,2,16
"4920","an",20,2,16
"4921","increased",21,2,16
"4922","interest",22,2,16
"4923","in",23,2.05254237288136,16
"4924","pattern",24,1.99004237288136,16
"4925","comparison",25,1.97877188107808,16
"4926","algorithms",26,1.96262604774474,16
"4927","that",27,1.90012604774474,16
"4928","provide",28,1.83762604774474,16
"4929","quantitative",29,1.77512604774474,16
"4930","assessments",30,1.71262604774474,16
"4931","of",31,1.65012604774474,16
"4932","similarity",32,1.58762604774474,16
"4933","for",33,1.52512604774474,16
"4934","use",34,1.46262604774474,16
"4935","by",35,1.40012604774474,16
"4936","forensic",36,1.33762604774474,16
"4937","scientists.",37,1.27512604774474,16
"4938","While",38,1.21262604774474,16
"4939","these",39,1.09758367486339,16
"4940","algorithms",40,1.09758367486339,16
"4941","would",41,1.04635416666667,16
"4942","mark",42,1,16
"4943","an",43,1,16
"4944","improvement",44,1,16
"4945","over",45,1,16
"4946","current",46,1,16
"4947","subjective",47,1,16
"4948","comparison",48,1,16
"4949","methods,",49,1,16
"4950","individuals",50,1,16
"4951","without",51,1,16
"4952","a",52,1,16
"4953","statistical",53,1,16
"4954","background",54,1,16
"4955","may",55,1,16
"4956","struggle",56,1,16
"4957","with",57,1,16
"4958","the",58,1,16
"4959","statistical",59,1,16
"4960","concepts",60,1,16
"4961","and",61,1,16
"4962","language",62,1,16
"4963","necessary",63,1,16
"4964","for",64,1,16
"4965","describing",65,1,16
"4966","algorithmic",66,1,16
"4967","methods.",67,1,16
"4968","If",68,1.21929992047964,16
"4969","algorithms",69,1.28179992047964,16
"4970","are",70,1.34429992047964,16
"4971","to",71,1.40679992047964,16
"4972","be",72,1.46929992047964,16
"4973","used,",73,1.53179992047964,16
"4974","examiners",74,1.59429992047964,16
"4975","must",75,1.65679992047964,16
"4976","be",76,1.71929992047964,16
"4977","able",77,1.77895901138873,16
"4978","to",78,1.87983277247376,16
"4979","testify",79,1.87983277247376,16
"4980","about",80,1.87983277247376,16
"4981","their",81,1.87983277247376,16
"4982","use",82,1.87983277247376,16
"4983","in",83,1.87983277247376,16
"4984","a",84,1.71390337068214,16
"4985","way",85,1.58890337068214,16
"4986","that",86,1.56304130171663,16
"4987","is",87,1.48873574616107,16
"4988","accessible",88,1.38640058132591,16
"4989","to",89,1.33488959231492,16
"4990","the",90,1.30663334563762,16
"4991","jury.",91,1.28189376230428,16
"4992","In",92,1.26127520560325,16
"4993","a",93,1.24307651073377,16
"4994","series",94,1.12994784768795,16
"4995","of",95,1.16916353396246,16
"4996","studies,",96,1.20654098494286,16
"4997","we",97,1.29538902415854,16
"4998","conduct",98,1.335052485697,16
"4999","an",99,1.38663015559992,16
"5000","assessment",100,1.39575963691189,16
"5001","of",101,1.52075963691189,16
"5002","language",102,1.54407068546925,16
"5003","and",103,1.59694766959623,16
"5004","supporting",104,1.67266246406102,16
"5005","visual",105,1.69019287054774,16
"5006","aids",106,1.59344911722504,16
"5007","which",107,1.49318870055837,16
"5008","might",108,1.38880725725941,16
"5009","be",109,1.2848468612198,16
"5010","used",110,1.23460176318059,16
"5011","to",111,1.13288607690608,16
"5012","explain",112,1.03300862592568,16
"5013","bullet",113,0.881660586709997,16
"5014","matching",114,0.779497125171536,16
"5015","algorithms.",115,0.665419455268623,16
"5016","In",116,0.540419455268623,16
"5017","the",117,0.415419455268623,16
"5018","initial",118,0.292970475676786,16
"5019","study,",119,0.189399047105358,16
"5020","we",120,0.0910194174757282,16
"5021","encountered",121,0,16
"5022","a",122,0,16
"5023","response",123,0,16
"5024","type",124,0,16
"5025","calibration",125,0,16
"5026","issue",126,0.152269039989348,16
"5027","-",127,NA,16
"5028","individuals",128,0.214769039989348,16
"5029","thought",129,0.277269039989348,16
"5030","highly",130,0.339769039989348,16
"5031","of",131,0.402269039989348,16
"5032","the",132,0.464769039989348,16
"5033","forensic",133,0.527269039989348,16
"5034","witness",134,0.589769039989348,16
"5035","and",135,0.652269039989348,16
"5036","evidence",136,0.714769039989348,16
"5037","regardless",137,0.777269039989348,16
"5038","of",138,0.839769039989348,16
"5039","experimental",139,0.902269039989348,16
"5040","conditions,",140,0.964769039989348,16
"5041","'maxing",141,1.02726903998935,16
"5042","out'",142,1.08976903998935,16
"5043","Likert",143,1,16
"5044","response",144,1,16
"5045","scales",145,1,16
"5046","and",146,1,16
"5047","leaving",147,1,16
"5048","us",148,1,16
"5049","unable",149,1,16
"5050","to",150,1,16
"5051","tell",151,1,16
"5052","if",152,1,16
"5053","the",153,1,16
"5054","conditions",154,1,16
"5055","had",155,1,16
"5056","any",156,1,16
"5057","effect.",157,1,16
"5058","While",158,1,16
"5059","this",159,1,16
"5060","study",160,1,16
"5061","indicated",161,1,16
"5062","that",162,1,16
"5063","individuals",163,1,16
"5064","overall",164,1,16
"5065","found",165,1,16
"5066","the",166,1,16
"5067","testimony",167,1,16
"5068","to",168,1,16
"5069","be",169,1.10974945533769,16
"5070","reliable,",170,1.04724945533769,16
"5071","credible,",171,0.984749455337691,16
"5072","and",172,0.96649724294831,16
"5073","scientific,",173,0.90399724294831,16
"5074","it",174,0.84149724294831,16
"5075","did",175,0.77899724294831,16
"5076","not",176,0.71649724294831,16
"5077","readily",177,0.65399724294831,16
"5078","provide",178,0.59149724294831,16
"5079","information",179,0.52899724294831,16
"5080","about",180,0.46649724294831,16
"5081","our",181,0.40399724294831,16
"5082","question",182,0.34149724294831,16
"5083","of",183,0.27899724294831,16
"5084","interest.",184,0.21649724294831,16
"5085","Additional",185,0.0442477876106195,16
"5086","data",186,0.0442477876106195,16
"5087","from",187,0.0442477876106195,16
"5088","this",188,0,16
"5089","study",189,0,16
"5090","was",190,0,16
"5091","found",191,0,16
"5092","in",192,0,16
"5093","the",193,0,16
"5094","participants'",194,0,16
"5095","note",195,0,16
"5096","pads.",196,0,16
"5097","Through",197,0,16
"5098","cleaning",198,0,16
"5099","sequential",199,0,16
"5100","notes",200,0,16
"5101","and",201,0,16
"5102","designing",202,0,16
"5103","a",203,0,16
"5104","method",204,0,16
"5105","for",205,0,16
"5106","highlighting",206,0,16
"5107","study",207,0,16
"5108","transcripts",208,0,16
"5109","according",209,0,16
"5110","to",210,0,16
"5111","the",211,0,16
"5112","frequency",212,0,16
"5113","of",213,0,16
"5114","collocations",214,0,16
"5115","in",215,0,16
"5116","participant",216,0,16
"5117","notes,",217,0,16
"5118","we",218,0,16
"5119","can",219,0,16
"5120","determine",220,0,16
"5121","which",221,0,16
"5122","portions",222,0,16
"5123","of",223,0,16
"5124","testimony",224,0,16
"5125","participants",225,0,16
"5126","found",226,0,16
"5127","'noteworthy'.",227,0,16
"5128","We",228,0,16
"5129","also",229,0,16
"5130","conducted",230,0,16
"5131","a",231,0,16
"5132","study",232,0.0467233009708738,16
"5133","on",233,0.0946691732450171,16
"5134","response",234,0.199851887624424,16
"5135","types",235,0.199851887624424,16
"5136","to",236,0.322134496320076,16
"5137","determine",237,0.384634496320076,16
"5138","the",238,0.447134496320076,16
"5139","consistency",239,0.509634496320076,16
"5140","of",240,0.572134496320076,16
"5141","participant",241,0.634634496320076,16
"5142","responses",242,0.697134496320076,16
"5143","across",243,0.759634496320076,16
"5144","response",244,0.822134496320076,16
"5145","types,",245,0.884634496320076,16
"5146","compare",246,0.947134496320076,16
"5147","a",247,1.00963449632008,16
"5148","variety",248,1.0254111953492,16
"5149","of",249,1.03996532307506,16
"5150","response",250,0.997282608695652,16
"5151","types,",251,1.05978260869565,16
"5152","and",252,1,16
"5153","determine",253,1,16
"5154","which",254,1,16
"5155","response",255,1,16
"5156","type",256,1,16
"5157","may",257,1,16
"5158","be",258,1,16
"5159","appropriately",259,1,16
"5160","calibrated",260,0.99375,16
"5161","for",261,1.02606484424666,16
"5162","addressing",262,0.963564844246662,16
"5163","the",263,0.901064844246662,16
"5164","initial",264,0.838564844246662,16
"5165","research",265,0.776064844246662,16
"5166","question",266,0.713564844246662,16
"5167","of",267,0.651064844246662,16
"5168","jury",268,0.588564844246662,16
"5169","perception",269,0.526064844246662,16
"5170","of",270,0.463564844246662,16
"5171","algorithms",271,0.401064844246662,16
"5172","and",272,0.338564844246662,16
"5173","demonstrative",273,0.276064844246662,16
"5174","evidence.",274,0.423345249819183,16
"5175","The",275,0.519629033602967,16
"5176","response",276,0.525879033602967,16
"5177","types",277,0.493564189356304,16
"5178","used",278,0.556064189356304,16
"5179","in",279,0.618564189356304,16
"5180","this",280,0.681064189356304,16
"5181","investigation",281,0.743564189356304,16
"5182","include",282,0.806064189356304,16
"5183","the",283,0.868564189356304,16
"5184","participant's",284,0.931064189356304,16
"5185","interpretation",285,0.993564189356304,16
"5186","of",286,1.0560641893563,16
"5187","the",287,1.1185641893563,16
"5188","strength",288,1.1810641893563,16
"5189","of",289,1.2435641893563,16
"5190","evidence",290,1.09628378378378,16
"5191","(Likert",291,1,16
"5192","scale),",292,1,16
"5193","conviction",293,1,16
"5194","decision",294,1,16
"5195","(binary),",295,1,16
"5196","opinion",296,1,16
"5197","of",297,1,16
"5198","guilt",298,1,16
"5199","(binary),",299,1,16
"5200","willingness",300,1,16
"5201","to",301,1,16
"5202","bet",302,1,16
"5203","on",303,1,16
"5204","their",304,1,16
"5205","opinion",305,1,16
"5206","of",306,1,16
"5207","guilt",307,0.9375,16
"5208","(numeric),",308,0.875,16
"5209","probability",309,0.8125,16
"5210","of",310,0.75,16
"5211","guilt",311,0.6875,16
"5212","(numeric),",312,0.625,16
"5213","and",313,0.5625,16
"5214","chance",314,0.5,16
"5215","of",315,0.4375,16
"5216","guilt",316,0.375,16
"5217","/innocence",317,0.3125,16
"5218","(numeric",318,0.25,16
"5219","or",319,0.1875,16
"5220","multiple",320,0.125,16
"5221","choice).",321,0.0625,16
"5222","The",322,0,16
"5223","note",323,0,16
"5224","cleaning,",324,0,16
"5225","text",325,0,16
"5226","analysis,",326,0,16
"5227","and",327,0,16
"5228","testimony",328,0,16
"5229","tools",329,0,16
"5230","we",330,0,16
"5231","developed",331,0,16
"5232","throughout",332,0,16
"5233","this",333,0,16
"5234","series",334,0,16
"5235","of",335,0,16
"5236","experiments",336,0,16
"5237","will",337,0,16
"5238","benefit",338,0,16
"5239","our",339,0,16
"5240","future",340,0,16
"5241","research",341,0,16
"5242","in",342,0,16
"5243","jury",343,0,16
"5244","perception,",344,0,16
"5245","as",345,0,16
"5246","well",346,0,16
"5247","as",347,0,16
"5248","future",348,0,16
"5249","transcript",349,0,16
"5250","studies.",350,0,16
"5251","Subjective",1,2,17
"5252","pattern",2,2,17
"5253","comparison",3,2,17
"5254","has",4,2,17
"5255","been",5,2,17
"5256","subject",6,2,17
"5257","to",7,2,17
"5258","increased",8,2,17
"5259","scrutiny",9,2,17
"5260","by",10,2,17
"5261","the",11,2,17
"5262","courts",12,2,17
"5263","and",13,2,17
"5264","by",14,2,17
"5265","the",15,2,17
"5266","general",16,2,17
"5267","public,",17,2,17
"5268","resulting",18,2,17
"5269","in",19,2,17
"5270","an",20,2,17
"5271","increased",21,2,17
"5272","interest",22,1.9967577582214,17
"5273","in",23,2.01418934624122,17
"5274","pattern",24,1.97980020596973,17
"5275","comparison",25,1.96622554533624,17
"5276","algorithms",26,1.90740201592448,17
"5277","that",27,1.84857848651272,17
"5278","provide",28,1.78975495710095,17
"5279","quantitative",29,1.73093142768919,17
"5280","assessments",30,1.67210789827742,17
"5281","of",31,1.61328436886566,17
"5282","similarity",32,1.55446083945389,17
"5283","for",33,1.49563731004213,17
"5284","use",34,1.43681378063036,17
"5285","by",35,1.3779902512186,17
"5286","forensic",36,1.31916672180683,17
"5287","scientists.",37,1.26034319239507,17
"5288","While",38,1.2015196629833,17
"5289","these",39,1.14593837535014,17
"5290","algorithms",40,1.06968325791855,17
"5291","would",41,1.04524886877828,17
"5292","mark",42,1,17
"5293","an",43,1,17
"5294","improvement",44,1,17
"5295","over",45,1,17
"5296","current",46,1,17
"5297","subjective",47,1,17
"5298","comparison",48,1,17
"5299","methods,",49,1,17
"5300","individuals",50,1,17
"5301","without",51,1,17
"5302","a",52,1,17
"5303","statistical",53,1,17
"5304","background",54,1,17
"5305","may",55,1,17
"5306","struggle",56,1,17
"5307","with",57,1,17
"5308","the",58,1,17
"5309","statistical",59,1,17
"5310","concepts",60,1,17
"5311","and",61,1,17
"5312","language",62,1,17
"5313","necessary",63,1,17
"5314","for",64,1,17
"5315","describing",65,1,17
"5316","algorithmic",66,1,17
"5317","methods.",67,1,17
"5318","If",68,1.25291310649074,17
"5319","algorithms",69,1.3117366359025,17
"5320","are",70,1.37056016531426,17
"5321","to",71,1.42938369472603,17
"5322","be",72,1.48820722413779,17
"5323","used,",73,1.54703075354956,17
"5324","examiners",74,1.60585428296132,17
"5325","must",75,1.66467781237309,17
"5326","be",76,1.72094379702782,17
"5327","able",77,1.85841320372881,17
"5328","to",78,1.85841320372881,17
"5329","testify",79,1.85841320372881,17
"5330","about",80,1.85841320372881,17
"5331","their",81,1.85841320372881,17
"5332","use",82,1.85841320372881,17
"5333","in",83,1.9095209195424,17
"5334","a",84,1.89906340320254,17
"5335","way",85,1.63451487331167,17
"5336","that",86,1.51686781448814,17
"5337","is",87,1.49496543651568,17
"5338","accessible",88,1.37731837769215,17
"5339","to",89,1.39579884680287,17
"5340","the",90,1.37050472915581,17
"5341","jury.",91,1.34859008094358,17
"5342","In",92,1.33031480967003,17
"5343","a",93,1.31364158519629,17
"5344","series",94,1.11734864908354,17
"5345","of",95,1.25348310286505,17
"5346","studies,",96,1.19465957345328,17
"5347","we",97,1.32795692909279,17
"5348","conduct",98,1.36699909463157,17
"5349","an",99,1.41645250431403,17
"5350","assessment",100,1.42416831791219,17
"5351","of",101,1.59473547716455,17
"5352","language",102,1.54754737115291,17
"5353","and",103,1.64103476611089,17
"5354","supporting",104,1.63378566048107,17
"5355","visual",105,1.63378566048107,17
"5356","aids",106,1.49765813254682,17
"5357","which",107,1.40530519137035,17
"5358","might",108,1.30957278075905,17
"5359","be",109,1.21020099320907,17
"5360","used",110,1.11178470361631,17
"5361","to",111,1.11178470361631,17
"5362","explain",112,0.916826720423036,17
"5363","bullet",113,0.916826720423036,17
"5364","matching",114,0.724705835371768,17
"5365","algorithms.",115,0.626840140421221,17
"5366","In",116,0.518563201327,17
"5367","the",117,0.40091614250347,17
"5368","initial",118,0.181982970179222,17
"5369","study,",119,0.181982970179222,17
"5370","we",120,0.0884955752212389,17
"5371","encountered",121,0,17
"5372","a",122,0,17
"5373","response",123,0,17
"5374","type",124,0,17
"5375","calibration",125,0.0427807486631016,17
"5376","issue",126,0.142504696213136,17
"5377","-",127,NA,17
"5378","individuals",128,0.201328225624901,17
"5379","thought",129,0.260151755036665,17
"5380","highly",130,0.31897528444843,17
"5381","of",131,0.377798813860195,17
"5382","the",132,0.43662234327196,17
"5383","forensic",133,0.495445872683724,17
"5384","witness",134,0.554269402095489,17
"5385","and",135,0.613092931507254,17
"5386","evidence",136,0.671916460919018,17
"5387","regardless",137,0.730739990330783,17
"5388","of",138,0.789563519742548,17
"5389","experimental",139,0.848387049154313,17
"5390","conditions,",140,0.907210578566077,17
"5391","'maxing",141,0.966034107977842,17
"5392","out'",142,1.02485763738961,17
"5393","Likert",143,1.04090041813827,17
"5394","response",144,1,17
"5395","scales",145,1,17
"5396","and",146,1,17
"5397","leaving",147,1,17
"5398","us",148,1,17
"5399","unable",149,1,17
"5400","to",150,1,17
"5401","tell",151,1,17
"5402","if",152,1,17
"5403","the",153,1,17
"5404","conditions",154,1,17
"5405","had",155,1,17
"5406","any",156,1,17
"5407","effect.",157,1,17
"5408","While",158,1,17
"5409","this",159,1,17
"5410","study",160,1,17
"5411","indicated",161,1,17
"5412","that",162,1,17
"5413","individuals",163,1,17
"5414","overall",164,1,17
"5415","found",165,1,17
"5416","the",166,1,17
"5417","testimony",167,1,17
"5418","to",168,1.15057992705052,17
"5419","be",169,1.09175639763875,17
"5420","reliable,",170,1.03293286822699,17
"5421","credible,",171,0.974109338815221,17
"5422","and",172,0.915285809403456,17
"5423","scientific,",173,0.856462279991692,17
"5424","it",174,0.797638750579927,17
"5425","did",175,0.738815221168162,17
"5426","not",176,0.679991691756398,17
"5427","readily",177,0.621168162344633,17
"5428","provide",178,0.562344632932868,17
"5429","information",179,0.503521103521103,17
"5430","about",180,0.444697574109339,17
"5431","our",181,0.385874044697574,17
"5432","question",182,0.327050515285809,17
"5433","of",183,0.268226985874045,17
"5434","interest.",184,0.20940345646228,17
"5435","Additional",185,0,17
"5436","data",186,0,17
"5437","from",187,0,17
"5438","this",188,0,17
"5439","study",189,0,17
"5440","was",190,0,17
"5441","found",191,0,17
"5442","in",192,0,17
"5443","the",193,0,17
"5444","participants'",194,0,17
"5445","note",195,0,17
"5446","pads.",196,0,17
"5447","Through",197,0,17
"5448","cleaning",198,0,17
"5449","sequential",199,0,17
"5450","notes",200,0,17
"5451","and",201,0,17
"5452","designing",202,0,17
"5453","a",203,0,17
"5454","method",204,0,17
"5455","for",205,0,17
"5456","highlighting",206,0,17
"5457","study",207,0,17
"5458","transcripts",208,0,17
"5459","according",209,0,17
"5460","to",210,0,17
"5461","the",211,0,17
"5462","frequency",212,0,17
"5463","of",213,0,17
"5464","collocations",214,0,17
"5465","in",215,0,17
"5466","participant",216,0,17
"5467","notes,",217,0,17
"5468","we",218,0,17
"5469","can",219,0,17
"5470","determine",220,0,17
"5471","which",221,0,17
"5472","portions",222,0,17
"5473","of",223,0,17
"5474","testimony",224,0,17
"5475","participants",225,0,17
"5476","found",226,0,17
"5477","'noteworthy'.",227,0,17
"5478","We",228,0,17
"5479","also",229,0,17
"5480","conducted",230,0,17
"5481","a",231,0,17
"5482","study",232,0,17
"5483","on",233,0.0458304510441485,17
"5484","response",234,0.146494263377537,17
"5485","types",235,0.247158075710926,17
"5486","to",236,0.305981605122691,17
"5487","determine",237,0.364805134534456,17
"5488","the",238,0.42362866394622,17
"5489","consistency",239,0.482452193357985,17
"5490","of",240,0.54127572276975,17
"5491","participant",241,0.600099252181514,17
"5492","responses",242,0.658922781593279,17
"5493","across",243,0.717746311005044,17
"5494","response",244,0.776569840416809,17
"5495","types,",245,0.835393369828573,17
"5496","compare",246,0.894216899240338,17
"5497","a",247,0.953040428652103,17
"5498","variety",248,1.01186395806387,17
"5499","of",249,1.07068748747563,17
"5500","response",250,1.08368056584325,17
"5501","types,",251,1.04184028292162,17
"5502","and",252,1,17
"5503","determine",253,1,17
"5504","which",254,1,17
"5505","response",255,1,17
"5506","type",256,1,17
"5507","may",257,1,17
"5508","be",258,1,17
"5509","appropriately",259,0.994732221246708,17
"5510","calibrated",260,0.984037034080932,17
"5511","for",261,0.967168521970206,17
"5512","addressing",262,0.908344992558441,17
"5513","the",263,0.849521463146676,17
"5514","initial",264,0.790697933734911,17
"5515","research",265,0.731874404323147,17
"5516","question",266,0.673050874911382,17
"5517","of",267,0.614227345499617,17
"5518","jury",268,0.555403816087853,17
"5519","perception",269,0.496580286676088,17
"5520","of",270,0.437756757264323,17
"5521","algorithms",271,0.378933227852559,17
"5522","and",272,0.320109698440794,17
"5523","demonstrative",273,0.261286169029029,17
"5524","evidence.",274,0.550788839255998,17
"5525","The",275,0.550788839255998,17
"5526","response",276,0.556056618009291,17
"5527","types",277,0.566751805175066,17
"5528","used",278,0.583620317285793,17
"5529","in",279,0.642443846697557,17
"5530","this",280,0.701267376109322,17
"5531","investigation",281,0.760090905521087,17
"5532","include",282,0.818914434932852,17
"5533","the",283,0.877737964344616,17
"5534","participant's",284,0.936561493756381,17
"5535","interpretation",285,0.995385023168146,17
"5536","of",286,1.05420855257991,17
"5537","the",287,1.11303208199168,17
"5538","strength",288,1.17185561140344,17
"5539","of",289,1.2306791408152,17
"5540","evidence",290,1.28950267022697,17
"5541","(Likert",291,1,17
"5542","scale),",292,1,17
"5543","conviction",293,1,17
"5544","decision",294,1,17
"5545","(binary),",295,1,17
"5546","opinion",296,1,17
"5547","of",297,1,17
"5548","guilt",298,1,17
"5549","(binary),",299,1,17
"5550","willingness",300,1,17
"5551","to",301,1,17
"5552","bet",302,1,17
"5553","on",303,1,17
"5554","their",304,1,17
"5555","opinion",305,1,17
"5556","of",306,0.941176470588235,17
"5557","guilt",307,0.882352941176471,17
"5558","(numeric),",308,0.823529411764706,17
"5559","probability",309,0.764705882352941,17
"5560","of",310,0.705882352941177,17
"5561","guilt",311,0.647058823529412,17
"5562","(numeric),",312,0.588235294117647,17
"5563","and",313,0.529411764705882,17
"5564","chance",314,0.470588235294118,17
"5565","of",315,0.411764705882353,17
"5566","guilt",316,0.352941176470588,17
"5567","/innocence",317,0.294117647058824,17
"5568","(numeric",318,0.235294117647059,17
"5569","or",319,0.176470588235294,17
"5570","multiple",320,0.117647058823529,17
"5571","choice).",321,0.0588235294117647,17
"5572","The",322,0,17
"5573","note",323,0,17
"5574","cleaning,",324,0,17
"5575","text",325,0,17
"5576","analysis,",326,0,17
"5577","and",327,0,17
"5578","testimony",328,0,17
"5579","tools",329,0,17
"5580","we",330,0,17
"5581","developed",331,0,17
"5582","throughout",332,0,17
"5583","this",333,0,17
"5584","series",334,0,17
"5585","of",335,0,17
"5586","experiments",336,0,17
"5587","will",337,0,17
"5588","benefit",338,0,17
"5589","our",339,0,17
"5590","future",340,0,17
"5591","research",341,0,17
"5592","in",342,0,17
"5593","jury",343,0,17
"5594","perception,",344,0,17
"5595","as",345,0,17
"5596","well",346,0,17
"5597","as",347,0,17
"5598","future",348,0,17
"5599","transcript",349,0,17
"5600","studies.",350,0,17
"5601","Subjective",1,2,18
"5602","pattern",2,2,18
"5603","comparison",3,2,18
"5604","has",4,2,18
"5605","been",5,2,18
"5606","subject",6,2,18
"5607","to",7,2,18
"5608","increased",8,2,18
"5609","scrutiny",9,2,18
"5610","by",10,2,18
"5611","the",11,2,18
"5612","courts",12,2,18
"5613","and",13,2,18
"5614","by",14,2,18
"5615","the",15,2,18
"5616","general",16,2,18
"5617","public,",17,2,18
"5618","resulting",18,2,18
"5619","in",19,2,18
"5620","an",20,2.05308641975309,18
"5621","increased",21,1.99753086419753,18
"5622","interest",22,1.99172655242307,18
"5623","in",23,2.02665455871331,18
"5624","pattern",24,1.97109900315775,18
"5625","comparison",25,1.91554344760219,18
"5626","algorithms",26,1.85998789204664,18
"5627","that",27,1.80443233649108,18
"5628","provide",28,1.74887678093553,18
"5629","quantitative",29,1.69332122537997,18
"5630","assessments",30,1.63776566982442,18
"5631","of",31,1.58221011426886,18
"5632","similarity",32,1.52665455871331,18
"5633","for",33,1.47109900315775,18
"5634","use",34,1.41554344760219,18
"5635","by",35,1.35998789204664,18
"5636","forensic",36,1.30443233649108,18
"5637","scientists.",37,1.24887678093553,18
"5638","While",38,1.14023480562689,18
"5639","these",39,1.14023480562689,18
"5640","algorithms",40,1.09048356184579,18
"5641","would",41,1,18
"5642","mark",42,1,18
"5643","an",43,1,18
"5644","improvement",44,1,18
"5645","over",45,1,18
"5646","current",46,1,18
"5647","subjective",47,1,18
"5648","comparison",48,1,18
"5649","methods,",49,1,18
"5650","individuals",50,1,18
"5651","without",51,1,18
"5652","a",52,1,18
"5653","statistical",53,1,18
"5654","background",54,1,18
"5655","may",55,1,18
"5656","struggle",56,1,18
"5657","with",57,1,18
"5658","the",58,1,18
"5659","statistical",59,1,18
"5660","concepts",60,1,18
"5661","and",61,1,18
"5662","language",62,1,18
"5663","necessary",63,1,18
"5664","for",64,1,18
"5665","describing",65,1,18
"5666","algorithmic",66,1,18
"5667","methods.",67,1,18
"5668","If",68,1.23861249501474,18
"5669","algorithms",69,1.2941680505703,18
"5670","are",70,1.34972360612585,18
"5671","to",71,1.40527916168141,18
"5672","be",72,1.46083471723696,18
"5673","used,",73,1.51639027279252,18
"5674","examiners",74,1.57194582834807,18
"5675","must",75,1.62524913165138,18
"5676","be",76,1.75445590526991,18
"5677","able",77,1.75445590526991,18
"5678","to",78,1.75445590526991,18
"5679","testify",79,1.75445590526991,18
"5680","about",80,1.75445590526991,18
"5681","their",81,1.75445590526991,18
"5682","use",82,1.80161153692897,18
"5683","in",83,1.79245402777146,18
"5684","a",84,1.78289608272965,18
"5685","way",85,1.75006779990136,18
"5686","that",86,1.52352040028505,18
"5687","is",87,1.45897013573479,18
"5688","accessible",88,1.34785902462368,18
"5689","to",89,1.36819690057748,18
"5690","the",90,1.34563162518201,18
"5691","jury.",91,1.2345205140709,18
"5692","In",92,1.31104043021346,18
"5693","a",93,1.29596342660435,18
"5694","series",94,1.20211018833934,18
"5695","of",95,1.23996662885065,18
"5696","studies,",96,1.27367982923052,18
"5697","we",97,1.3122862322437,18
"5698","conduct",98,1.25673067668815,18
"5699","an",99,1.40159397950002,18
"5700","assessment",100,1.40800977641239,18
"5701","of",101,1.45562882403144,18
"5702","language",102,1.49962203078124,18
"5703","and",103,1.56141517590772,18
"5704","supporting",104,1.49379452495374,18
"5705","visual",105,1.44723367839289,18
"5706","aids",106,1.44723367839289,18
"5707","which",107,1.31578469132798,18
"5708","might",108,1.22723885561233,18
"5709","be",109,1.22723885561233,18
"5710","used",110,1.03960782835866,18
"5711","to",111,0.945825973108915,18
"5712","explain",112,0.854916882199824,18
"5713","bullet",113,0.761504886132961,18
"5714","matching",114,0.672236130197538,18
"5715","algorithms.",115,0.5780741716288,18
"5716","In",116,0.5780741716288,18
"5717","the",117,0.377655313261374,18
"5718","initial",118,0.26852832913439,18
"5719","study,",119,0.174511235117296,18
"5720","we",120,0.0845204178537512,18
"5721","encountered",121,0,18
"5722","a",122,0,18
"5723","response",123,0,18
"5724","type",124,0.0202702702702703,18
"5725","calibration",125,0.0202702702702703,18
"5726","issue",126,0.135031176301018,18
"5727","-",127,NA,18
"5728","individuals",128,0.190586731856573,18
"5729","thought",129,0.246142287412129,18
"5730","highly",130,0.301697842967684,18
"5731","of",131,0.35725339852324,18
"5732","the",132,0.412808954078795,18
"5733","forensic",133,0.468364509634351,18
"5734","witness",134,0.523920065189906,18
"5735","and",135,0.579475620745462,18
"5736","evidence",136,0.635031176301017,18
"5737","regardless",137,0.690586731856573,18
"5738","of",138,0.746142287412129,18
"5739","experimental",139,0.801697842967684,18
"5740","conditions,",140,0.85725339852324,18
"5741","'maxing",141,0.912808954078795,18
"5742","out'",142,0.968364509634351,18
"5743","Likert",143,1.00364979491964,18
"5744","response",144,1.05920535047519,18
"5745","scales",145,1,18
"5746","and",146,1,18
"5747","leaving",147,1,18
"5748","us",148,1,18
"5749","unable",149,1,18
"5750","to",150,1,18
"5751","tell",151,1,18
"5752","if",152,1,18
"5753","the",153,1,18
"5754","conditions",154,1,18
"5755","had",155,1,18
"5756","any",156,1,18
"5757","effect.",157,1,18
"5758","While",158,1,18
"5759","this",159,1,18
"5760","study",160,1,18
"5761","indicated",161,1,18
"5762","that",162,1,18
"5763","individuals",163,1,18
"5764","overall",164,1,18
"5765","found",165,1,18
"5766","the",166,1,18
"5767","testimony",167,1,18
"5768","to",168,1.08370463195025,18
"5769","be",169,1.02814907639469,18
"5770","reliable,",170,0.972593520839135,18
"5771","credible,",171,0.955926854172468,18
"5772","and",172,0.900371298616913,18
"5773","scientific,",173,0.844815743061357,18
"5774","it",174,0.789260187505802,18
"5775","did",175,0.733704631950246,18
"5776","not",176,0.67814907639469,18
"5777","readily",177,0.622593520839135,18
"5778","provide",178,0.567037965283579,18
"5779","information",179,0.511482409728024,18
"5780","about",180,0.455926854172468,18
"5781","our",181,0.400371298616913,18
"5782","question",182,0.344815743061357,18
"5783","of",183,0.289260187505802,18
"5784","interest.",184,0.233704631950246,18
"5785","Additional",185,0.17814907639469,18
"5786","data",186,0.0388888888888889,18
"5787","from",187,0.0388888888888889,18
"5788","this",188,0.0388888888888889,18
"5789","study",189,0,18
"5790","was",190,0,18
"5791","found",191,0,18
"5792","in",192,0,18
"5793","the",193,0,18
"5794","participants'",194,0,18
"5795","note",195,0,18
"5796","pads.",196,0,18
"5797","Through",197,0,18
"5798","cleaning",198,0,18
"5799","sequential",199,0,18
"5800","notes",200,0,18
"5801","and",201,0,18
"5802","designing",202,0,18
"5803","a",203,0,18
"5804","method",204,0,18
"5805","for",205,0,18
"5806","highlighting",206,0,18
"5807","study",207,0,18
"5808","transcripts",208,0,18
"5809","according",209,0,18
"5810","to",210,0,18
"5811","the",211,0,18
"5812","frequency",212,0,18
"5813","of",213,0,18
"5814","collocations",214,0,18
"5815","in",215,0,18
"5816","participant",216,0,18
"5817","notes,",217,0,18
"5818","we",218,0,18
"5819","can",219,0,18
"5820","determine",220,0,18
"5821","which",221,0,18
"5822","portions",222,0,18
"5823","of",223,0,18
"5824","testimony",224,0,18
"5825","participants",225,0,18
"5826","found",226,0,18
"5827","'noteworthy'.",227,0,18
"5828","We",228,0,18
"5829","also",229,0,18
"5830","conducted",230,0,18
"5831","a",231,0,18
"5832","study",232,0,18
"5833","on",233,0,18
"5834","response",234,0.18701086832645,18
"5835","types",235,0.239672905363487,18
"5836","to",236,0.295228460919043,18
"5837","determine",237,0.350784016474599,18
"5838","the",238,0.406339572030154,18
"5839","consistency",239,0.46189512758571,18
"5840","of",240,0.517450683141265,18
"5841","participant",241,0.573006238696821,18
"5842","responses",242,0.628561794252376,18
"5843","across",243,0.684117349807932,18
"5844","response",244,0.739672905363487,18
"5845","types,",245,0.795228460919043,18
"5846","compare",246,0.850784016474599,18
"5847","a",247,0.906339572030154,18
"5848","variety",248,0.96189512758571,18
"5849","of",249,1.01745068314127,18
"5850","response",250,1.07300623869682,18
"5851","types,",251,1.12856179425238,18
"5852","and",252,0.997106481481482,18
"5853","determine",253,1,18
"5854","which",254,1,18
"5855","response",255,1,18
"5856","type",256,1,18
"5857","may",257,1,18
"5858","be",258,1.04286464937231,18
"5859","appropriately",259,0.987309093816753,18
"5860","calibrated",260,0.97256986479181,18
"5861","for",261,0.917014309236254,18
"5862","addressing",262,0.861458753680699,18
"5863","the",263,0.805903198125143,18
"5864","initial",264,0.750347642569587,18
"5865","research",265,0.694792087014032,18
"5866","question",266,0.639236531458476,18
"5867","of",267,0.583680975902921,18
"5868","jury",268,0.528125420347365,18
"5869","perception",269,0.47256986479181,18
"5870","of",270,0.417014309236254,18
"5871","algorithms",271,0.361458753680698,18
"5872","and",272,0.305903198125143,18
"5873","demonstrative",273,0.250347642569587,18
"5874","evidence.",274,0.567720162135877,18
"5875","The",275,0.567720162135877,18
"5876","response",276,0.524855512763568,18
"5877","types",277,0.580411068319124,18
"5878","used",278,0.595150297344067,18
"5879","in",279,0.650705852899623,18
"5880","this",280,0.706261408455178,18
"5881","investigation",281,0.761816964010734,18
"5882","include",282,0.817372519566289,18
"5883","the",283,0.872928075121845,18
"5884","participant's",284,0.9284836306774,18
"5885","interpretation",285,0.984039186232956,18
"5886","of",286,1.03959474178851,18
"5887","the",287,1.09515029734407,18
"5888","strength",288,1.15070585289962,18
"5889","of",289,1.20626140845518,18
"5890","evidence",290,1.26181696401073,18
"5891","(Likert",291,1.31737251956629,18
"5892","scale),",292,1,18
"5893","conviction",293,1,18
"5894","decision",294,1,18
"5895","(binary),",295,1,18
"5896","opinion",296,1,18
"5897","of",297,1,18
"5898","guilt",298,1,18
"5899","(binary),",299,1,18
"5900","willingness",300,1,18
"5901","to",301,1,18
"5902","bet",302,1,18
"5903","on",303,1,18
"5904","their",304,1,18
"5905","opinion",305,0.944444444444444,18
"5906","of",306,0.888888888888889,18
"5907","guilt",307,0.833333333333333,18
"5908","(numeric),",308,0.777777777777778,18
"5909","probability",309,0.722222222222222,18
"5910","of",310,0.666666666666667,18
"5911","guilt",311,0.611111111111111,18
"5912","(numeric),",312,0.555555555555556,18
"5913","and",313,0.5,18
"5914","chance",314,0.444444444444444,18
"5915","of",315,0.388888888888889,18
"5916","guilt",316,0.333333333333333,18
"5917","/innocence",317,0.277777777777778,18
"5918","(numeric",318,0.222222222222222,18
"5919","or",319,0.166666666666667,18
"5920","multiple",320,0.111111111111111,18
"5921","choice).",321,0.0555555555555556,18
"5922","The",322,0,18
"5923","note",323,0,18
"5924","cleaning,",324,0,18
"5925","text",325,0,18
"5926","analysis,",326,0,18
"5927","and",327,0,18
"5928","testimony",328,0,18
"5929","tools",329,0,18
"5930","we",330,0,18
"5931","developed",331,0,18
"5932","throughout",332,0,18
"5933","this",333,0,18
"5934","series",334,0,18
"5935","of",335,0,18
"5936","experiments",336,0,18
"5937","will",337,0,18
"5938","benefit",338,0,18
"5939","our",339,0,18
"5940","future",340,0,18
"5941","research",341,0,18
"5942","in",342,0,18
"5943","jury",343,0,18
"5944","perception,",344,0,18
"5945","as",345,0,18
"5946","well",346,0,18
"5947","as",347,0,18
"5948","future",348,0,18
"5949","transcript",349,0,18
"5950","studies.",350,0,18
"5951","Subjective",1,2,19
"5952","pattern",2,2,19
"5953","comparison",3,2,19
"5954","has",4,2,19
"5955","been",5,2,19
"5956","subject",6,2,19
"5957","to",7,2,19
"5958","increased",8,2,19
"5959","scrutiny",9,2,19
"5960","by",10,2,19
"5961","the",11,2,19
"5962","courts",12,2,19
"5963","and",13,2,19
"5964","by",14,2,19
"5965","the",15,2,19
"5966","general",16,2,19
"5967","public,",17,2,19
"5968","resulting",18,2,19
"5969","in",19,2.13870488578425,19
"5970","an",20,2.08607330683689,19
"5971","increased",21,2.03344172788952,19
"5972","interest",22,2.02560298208885,19
"5973","in",23,2.01440477380217,19
"5974","pattern",24,1.9617731948548,19
"5975","comparison",25,1.90914161590744,19
"5976","algorithms",26,1.85651003696007,19
"5977","that",27,1.8038784580127,19
"5978","provide",28,1.75124687906533,19
"5979","quantitative",29,1.69861530011796,19
"5980","assessments",30,1.64598372117059,19
"5981","of",31,1.59335214222322,19
"5982","similarity",32,1.54072056327586,19
"5983","for",33,1.48808898432849,19
"5984","use",34,1.43545740538112,19
"5985","by",35,1.38282582643375,19
"5986","forensic",36,1.33019424748638,19
"5987","scientists.",37,1.27756266853901,19
"5988","While",38,1.08622620380739,19
"5989","these",39,1.08622620380739,19
"5990","algorithms",40,1.08622620380739,19
"5991","would",41,1.04143337066069,19
"5992","mark",42,1,19
"5993","an",43,1,19
"5994","improvement",44,1,19
"5995","over",45,1,19
"5996","current",46,1,19
"5997","subjective",47,1,19
"5998","comparison",48,1,19
"5999","methods,",49,1,19
"6000","individuals",50,1,19
"6001","without",51,1,19
"6002","a",52,1,19
"6003","statistical",53,1,19
"6004","background",54,1,19
"6005","may",55,1,19
"6006","struggle",56,1,19
"6007","with",57,1,19
"6008","the",58,1,19
"6009","statistical",59,1,19
"6010","concepts",60,1,19
"6011","and",61,1,19
"6012","language",62,1,19
"6013","necessary",63,1,19
"6014","for",64,1,19
"6015","describing",65,1,19
"6016","algorithmic",66,1,19
"6017","methods.",67,1,19
"6018","If",68,1.22352059374318,19
"6019","algorithms",69,1.27615217269054,19
"6020","are",70,1.32878375163791,19
"6021","to",71,1.38141533058528,19
"6022","be",72,1.43404690953265,19
"6023","used,",73,1.48667848848002,19
"6024","examiners",74,1.53743036817927,19
"6025","must",75,1.58414089449506,19
"6026","be",76,1.62332218104476,19
"6027","able",77,1.62332218104476,19
"6028","to",78,1.62332218104476,19
"6029","testify",79,1.62332218104476,19
"6030","about",80,1.62332218104476,19
"6031","their",81,1.66671960601726,19
"6032","use",82,1.63564457802174,19
"6033","in",83,1.64880247275858,19
"6034","a",84,1.64046479688573,19
"6035","way",85,1.63126704522503,19
"6036","that",86,1.62217613613412,19
"6037","is",87,1.39066682058643,19
"6038","accessible",88,1.28540366269169,19
"6039","to",89,1.30598183328771,19
"6040","the",90,1.20071867539297,19
"6041","jury.",91,1.22483890546286,19
"6042","In",92,1.25328840759657,19
"6043","a",93,1.23919066323567,19
"6044","series",94,1.22727050266475,19
"6045","of",95,1.2249313213782,19
"6046","studies,",96,1.25834819690034,19
"6047","we",97,1.25094688111087,19
"6048","conduct",98,1.24354556532139,19
"6049","an",99,1.47314495363624,19
"6050","assessment",100,1.37711594971638,19
"6051","of",101,1.48223361117728,19
"6052","language",102,1.45737981000769,19
"6053","and",103,1.41308590693317,19
"6054","supporting",104,1.36965207964651,19
"6055","visual",105,1.32611140979005,19
"6056","aids",106,1.28146855264719,19
"6057","which",107,1.28146855264719,19
"6058","might",108,1.15562722415644,19
"6059","be",109,1.15562722415644,19
"6060","used",110,1.02624383619182,19
"6061","to",111,0.892531176163366,19
"6062","explain",112,0.803245461877652,19
"6063","bullet",113,0.715823517185413,19
"6064","matching",114,0.626349832974887,19
"6065","algorithms.",115,0.54030137850538,19
"6066","In",116,0.495071115347485,19
"6067","the",117,0.44984085218959,19
"6068","initial",118,0.167609884927372,19
"6069","study,",119,0.167609884927372,19
"6070","we",120,0.0409356725146199,19
"6071","encountered",121,0,19
"6072","a",122,0,19
"6073","response",123,0,19
"6074","type",124,0,19
"6075","calibration",125,0,19
"6076","issue",126,0,19
"6077","-",127,NA,19
"6078","individuals",128,0.184201122893947,19
"6079","thought",129,0.236832701841315,19
"6080","highly",130,0.289464280788684,19
"6081","of",131,0.342095859736052,19
"6082","the",132,0.394727438683421,19
"6083","forensic",133,0.447359017630789,19
"6084","witness",134,0.499990596578157,19
"6085","and",135,0.552622175525526,19
"6086","evidence",136,0.605253754472894,19
"6087","regardless",137,0.657885333420263,19
"6088","of",138,0.710516912367631,19
"6089","experimental",139,0.763148491315,19
"6090","conditions,",140,0.815780070262368,19
"6091","'maxing",141,0.868411649209736,19
"6092","out'",142,0.921043228157105,19
"6093","Likert",143,0.973674807104473,19
"6094","response",144,1.02630638605184,19
"6095","scales",145,1.07893796499921,19
"6096","and",146,1.13156954394658,19
"6097","leaving",147,1,19
"6098","us",148,1,19
"6099","unable",149,1,19
"6100","to",150,1,19
"6101","tell",151,1,19
"6102","if",152,1,19
"6103","the",153,1,19
"6104","conditions",154,1,19
"6105","had",155,1,19
"6106","any",156,1,19
"6107","effect.",157,1,19
"6108","While",158,1,19
"6109","this",159,1,19
"6110","study",160,1,19
"6111","indicated",161,1,19
"6112","that",162,1,19
"6113","individuals",163,1,19
"6114","overall",164,1,19
"6115","found",165,1,19
"6116","the",166,1.04950936663693,19
"6117","testimony",167,0.996877787689563,19
"6118","to",168,1.02779140761724,19
"6119","be",169,1.01347252216833,19
"6120","reliable,",170,0.96084094322096,19
"6121","credible,",171,0.908209364273591,19
"6122","and",172,0.855577785326223,19
"6123","scientific,",173,0.802946206378855,19
"6124","it",174,0.750314627431486,19
"6125","did",175,0.697683048484118,19
"6126","not",176,0.645051469536749,19
"6127","readily",177,0.592419890589381,19
"6128","provide",178,0.539788311642012,19
"6129","information",179,0.487156732694644,19
"6130","about",180,0.434525153747276,19
"6131","our",181,0.381893574799907,19
"6132","question",182,0.329261995852539,19
"6133","of",183,0.27663041690517,19
"6134","interest.",184,0.223998837957802,19
"6135","Additional",185,0.121857892373502,19
"6136","data",186,0.121857892373502,19
"6137","from",187,0.038312693498452,19
"6138","this",188,0,19
"6139","study",189,0,19
"6140","was",190,0,19
"6141","found",191,0,19
"6142","in",192,0,19
"6143","the",193,0,19
"6144","participants'",194,0,19
"6145","note",195,0,19
"6146","pads.",196,0,19
"6147","Through",197,0,19
"6148","cleaning",198,0,19
"6149","sequential",199,0,19
"6150","notes",200,0,19
"6151","and",201,0,19
"6152","designing",202,0,19
"6153","a",203,0,19
"6154","method",204,0,19
"6155","for",205,0,19
"6156","highlighting",206,0,19
"6157","study",207,0,19
"6158","transcripts",208,0,19
"6159","according",209,0,19
"6160","to",210,0,19
"6161","the",211,0,19
"6162","frequency",212,0,19
"6163","of",213,0,19
"6164","collocations",214,0,19
"6165","in",215,0,19
"6166","participant",216,0,19
"6167","notes,",217,0,19
"6168","we",218,0,19
"6169","can",219,0,19
"6170","determine",220,0,19
"6171","which",221,0,19
"6172","portions",222,0,19
"6173","of",223,0,19
"6174","testimony",224,0,19
"6175","participants",225,0,19
"6176","found",226,0,19
"6177","'noteworthy'.",227,0,19
"6178","We",228,0,19
"6179","also",229,0,19
"6180","conducted",230,0,19
"6181","a",231,0,19
"6182","study",232,0,19
"6183","on",233,0.0834915475644938,19
"6184","response",234,0.21536161719172,19
"6185","types",235,0.265335035586191,19
"6186","to",236,0.31796661453356,19
"6187","determine",237,0.370598193480928,19
"6188","the",238,0.423229772428296,19
"6189","consistency",239,0.475861351375665,19
"6190","of",240,0.528492930323033,19
"6191","participant",241,0.581124509270402,19
"6192","responses",242,0.63375608821777,19
"6193","across",243,0.686387667165139,19
"6194","response",244,0.739019246112507,19
"6195","types,",245,0.791650825059875,19
"6196","compare",246,0.844282404007244,19
"6197","a",247,0.896913982954612,19
"6198","variety",248,0.949545561901981,19
"6199","of",249,1.00217714084935,19
"6200","response",250,1.05480871979672,19
"6201","types,",251,1.10744029874409,19
"6202","and",252,1.07658033012696,19
"6203","determine",253,0.997341839447103,19
"6204","which",254,1,19
"6205","response",255,1,19
"6206","type",256,1,19
"6207","may",257,1.08200814604087,19
"6208","be",258,1.0293765670935,19
"6209","appropriately",259,0.97674498814613,19
"6210","calibrated",260,0.924113409198762,19
"6211","for",261,0.871481830251393,19
"6212","addressing",262,0.818850251304025,19
"6213","the",263,0.766218672356656,19
"6214","initial",264,0.713587093409288,19
"6215","research",265,0.660955514461919,19
"6216","question",266,0.608323935514551,19
"6217","of",267,0.555692356567183,19
"6218","jury",268,0.503060777619814,19
"6219","perception",269,0.450429198672446,19
"6220","of",270,0.397797619725077,19
"6221","algorithms",271,0.345166040777709,19
"6222","and",272,0.29253446183034,19
"6223","demonstrative",273,0.239902882882972,19
"6224","evidence.",274,0.543809312481491,19
"6225","The",275,0.543809312481491,19
"6226","response",276,0.461801166440624,19
"6227","types",277,0.514432745387993,19
"6228","used",278,0.567064324335361,19
"6229","in",279,0.61969590328273,19
"6230","this",280,0.672327482230098,19
"6231","investigation",281,0.724959061177466,19
"6232","include",282,0.777590640124835,19
"6233","the",283,0.830222219072203,19
"6234","participant's",284,0.882853798019572,19
"6235","interpretation",285,0.93548537696694,19
"6236","of",286,0.988116955914309,19
"6237","the",287,1.04074853486168,19
"6238","strength",288,1.09338011380905,19
"6239","of",289,1.14601169275641,19
"6240","evidence",290,1.19864327170378,19
"6241","(Likert",291,1.25127485065115,19
"6242","scale),",292,1.30390642959852,19
"6243","conviction",293,1,19
"6244","decision",294,1,19
"6245","(binary),",295,1,19
"6246","opinion",296,1,19
"6247","of",297,1,19
"6248","guilt",298,1,19
"6249","(binary),",299,1,19
"6250","willingness",300,1,19
"6251","to",301,1,19
"6252","bet",302,1,19
"6253","on",303,1,19
"6254","their",304,0.947368421052632,19
"6255","opinion",305,0.894736842105263,19
"6256","of",306,0.842105263157895,19
"6257","guilt",307,0.789473684210526,19
"6258","(numeric),",308,0.736842105263158,19
"6259","probability",309,0.684210526315789,19
"6260","of",310,0.631578947368421,19
"6261","guilt",311,0.578947368421053,19
"6262","(numeric),",312,0.526315789473684,19
"6263","and",313,0.473684210526316,19
"6264","chance",314,0.421052631578947,19
"6265","of",315,0.368421052631579,19
"6266","guilt",316,0.315789473684211,19
"6267","/innocence",317,0.263157894736842,19
"6268","(numeric",318,0.210526315789474,19
"6269","or",319,0.157894736842105,19
"6270","multiple",320,0.105263157894737,19
"6271","choice).",321,0.0526315789473684,19
"6272","The",322,0,19
"6273","note",323,0,19
"6274","cleaning,",324,0,19
"6275","text",325,0,19
"6276","analysis,",326,0,19
"6277","and",327,0,19
"6278","testimony",328,0,19
"6279","tools",329,0,19
"6280","we",330,0,19
"6281","developed",331,0,19
"6282","throughout",332,0,19
"6283","this",333,0,19
"6284","series",334,0,19
"6285","of",335,0,19
"6286","experiments",336,0,19
"6287","will",337,0,19
"6288","benefit",338,0,19
"6289","our",339,0,19
"6290","future",340,0,19
"6291","research",341,0,19
"6292","in",342,0,19
"6293","jury",343,0,19
"6294","perception,",344,0,19
"6295","as",345,0,19
"6296","well",346,0,19
"6297","as",347,0,19
"6298","future",348,0,19
"6299","transcript",349,0,19
"6300","studies.",350,0,19
"6301","Subjective",1,2,20
"6302","pattern",2,2,20
"6303","comparison",3,2,20
"6304","has",4,2,20
"6305","been",5,2,20
"6306","subject",6,2,20
"6307","to",7,2,20
"6308","increased",8,2,20
"6309","scrutiny",9,2,20
"6310","by",10,2,20
"6311","the",11,2,20
"6312","courts",12,2,20
"6313","and",13,2,20
"6314","by",14,2,20
"6315","the",15,2,20
"6316","general",16,2,20
"6317","public,",17,2,20
"6318","resulting",18,2,20
"6319","in",19,2.17498886950254,20
"6320","an",20,2.11623942602742,20
"6321","increased",21,2.06623942602742,20
"6322","interest",22,2.01623942602742,20
"6323","in",23,1.96623942602742,20
"6324","pattern",24,1.91623942602742,20
"6325","comparison",25,1.86623942602742,20
"6326","algorithms",26,1.81623942602742,20
"6327","that",27,1.76623942602742,20
"6328","provide",28,1.71623942602742,20
"6329","quantitative",29,1.66623942602742,20
"6330","assessments",30,1.61623942602742,20
"6331","of",31,1.56623942602742,20
"6332","similarity",32,1.51623942602742,20
"6333","for",33,1.46623942602742,20
"6334","use",34,1.41623942602742,20
"6335","by",35,1.36623942602742,20
"6336","forensic",36,1.31623942602742,20
"6337","scientists.",37,1.26623942602742,20
"6338","While",38,1.21623942602742,20
"6339","these",39,1,20
"6340","algorithms",40,1,20
"6341","would",41,1,20
"6342","mark",42,1,20
"6343","an",43,1,20
"6344","improvement",44,1,20
"6345","over",45,1,20
"6346","current",46,1,20
"6347","subjective",47,1,20
"6348","comparison",48,1,20
"6349","methods,",49,1,20
"6350","individuals",50,1,20
"6351","without",51,1,20
"6352","a",52,1,20
"6353","statistical",53,1,20
"6354","background",54,1,20
"6355","may",55,1,20
"6356","struggle",56,1,20
"6357","with",57,1,20
"6358","the",58,1,20
"6359","statistical",59,1,20
"6360","concepts",60,1,20
"6361","and",61,1,20
"6362","language",62,1,20
"6363","necessary",63,1,20
"6364","for",64,1,20
"6365","describing",65,1,20
"6366","algorithmic",66,1,20
"6367","methods.",67,1,20
"6368","If",68,1.21460488593505,20
"6369","algorithms",69,1.26460488593505,20
"6370","are",70,1.31460488593505,20
"6371","to",71,1.36460488593505,20
"6372","be",72,1.41460488593505,20
"6373","used,",73,1.46291949267663,20
"6374","examiners",74,1.50791949267663,20
"6375","must",75,1.54581422951873,20
"6376","be",76,1.54581422951873,20
"6377","able",77,1.54581422951873,20
"6378","to",78,1.54581422951873,20
"6379","testify",79,1.54581422951873,20
"6380","about",80,1.58807613428064,20
"6381","their",81,1.53807613428064,20
"6382","use",82,1.57055036108476,20
"6383","in",83,1.56319741990829,20
"6384","a",84,1.55557837228924,20
"6385","way",85,1.54768363544714,20
"6386","that",86,1.51862380638731,20
"6387","is",87,1.53229902006252,20
"6388","accessible",88,1.26769413412747,20
"6389","to",89,1.24889787110196,20
"6390","the",90,1.27004680354594,20
"6391","jury.",91,1.17004680354594,20
"6392","In",92,1.24109943512488,20
"6393","a",93,1.22861816171664,20
"6394","series",94,1.21761816171664,20
"6395","of",95,1.21576993650245,20
"6396","studies,",96,1.16576993650245,20
"6397","we",97,1.28828902047191,20
"6398","conduct",98,1.32055186632171,20
"6399","an",99,1.35281471217152,20
"6400","assessment",100,1.34351577037257,20
"6401","of",101,1.49494467237419,20
"6402","language",102,1.41247044557007,20
"6403","and",103,1.36982338674654,20
"6404","supporting",104,1.32744243436559,20
"6405","visual",105,1.28533717120769,20
"6406","aids",106,1.26439700026752,20
"6407","which",107,1.20072178659231,20
"6408","might",108,1.20072178659231,20
"6409","be",109,1.11951804961782,20
"6410","used",110,0.998369117173841,20
"6411","to",111,0.998369117173841,20
"6412","explain",112,0.827316485594893,20
"6413","bullet",113,0.74148315226156,20
"6414","matching",114,0.65748315226156,20
"6415","algorithms.",115,0.571436640633653,20
"6416","In",116,0.571436640633653,20
"6417","the",117,0.398917556664187,20
"6418","initial",118,0.316654710814385,20
"6419","study,",119,0.234391864964583,20
"6420","we",120,0.15142890200162,20
"6421","encountered",121,0,20
"6422","a",122,0,20
"6423","response",123,0,20
"6424","type",124,0,20
"6425","calibration",125,0,20
"6426","issue",126,0.127658180902608,20
"6427","-",127,NA,20
"6428","individuals",128,0.177658180902608,20
"6429","thought",129,0.227658180902608,20
"6430","highly",130,0.277658180902608,20
"6431","of",131,0.327658180902608,20
"6432","the",132,0.377658180902608,20
"6433","forensic",133,0.427658180902608,20
"6434","witness",134,0.477658180902608,20
"6435","and",135,0.527658180902608,20
"6436","evidence",136,0.577658180902608,20
"6437","regardless",137,0.627658180902608,20
"6438","of",138,0.677658180902608,20
"6439","experimental",139,0.727658180902608,20
"6440","conditions,",140,0.777658180902608,20
"6441","'maxing",141,0.827658180902608,20
"6442","out'",142,0.877658180902608,20
"6443","Likert",143,0.927658180902608,20
"6444","response",144,0.977658180902608,20
"6445","scales",145,1.02765818090261,20
"6446","and",146,1.07765818090261,20
"6447","leaving",147,1,20
"6448","us",148,1,20
"6449","unable",149,1,20
"6450","to",150,1,20
"6451","tell",151,1,20
"6452","if",152,1,20
"6453","the",153,1,20
"6454","conditions",154,1,20
"6455","had",155,1,20
"6456","any",156,1,20
"6457","effect.",157,1,20
"6458","While",158,1,20
"6459","this",159,1,20
"6460","study",160,1,20
"6461","indicated",161,1,20
"6462","that",162,1,20
"6463","individuals",163,1,20
"6464","overall",164,1,20
"6465","found",165,1.08906327543424,20
"6466","the",166,1.03906327543424,20
"6467","testimony",167,0.989063275434243,20
"6468","to",168,1.01362156997508,20
"6469","be",169,0.999038236641748,20
"6470","reliable,",170,0.949038236641748,20
"6471","credible,",171,0.899038236641748,20
"6472","and",172,0.849038236641748,20
"6473","scientific,",173,0.799038236641748,20
"6474","it",174,0.749038236641748,20
"6475","did",175,0.699038236641748,20
"6476","not",176,0.649038236641748,20
"6477","readily",177,0.599038236641748,20
"6478","provide",178,0.549038236641748,20
"6479","information",179,0.499038236641748,20
"6480","about",180,0.449038236641748,20
"6481","our",181,0.399038236641748,20
"6482","question",182,0.349038236641748,20
"6483","of",183,0.299038236641748,20
"6484","interest.",184,0.249038236641748,20
"6485","Additional",185,0.109974961207505,20
"6486","data",186,0.109974961207505,20
"6487","from",187,0.109974961207505,20
"6488","this",188,0.0354166666666667,20
"6489","study",189,0,20
"6490","was",190,0,20
"6491","found",191,0,20
"6492","in",192,0,20
"6493","the",193,0,20
"6494","participants'",194,0,20
"6495","note",195,0,20
"6496","pads.",196,0,20
"6497","Through",197,0,20
"6498","cleaning",198,0,20
"6499","sequential",199,0,20
"6500","notes",200,0,20
"6501","and",201,0,20
"6502","designing",202,0,20
"6503","a",203,0,20
"6504","method",204,0,20
"6505","for",205,0,20
"6506","highlighting",206,0,20
"6507","study",207,0,20
"6508","transcripts",208,0,20
"6509","according",209,0,20
"6510","to",210,0,20
"6511","the",211,0,20
"6512","frequency",212,0,20
"6513","of",213,0,20
"6514","collocations",214,0,20
"6515","in",215,0,20
"6516","participant",216,0,20
"6517","notes,",217,0,20
"6518","we",218,0,20
"6519","can",219,0,20
"6520","determine",220,0,20
"6521","which",221,0,20
"6522","portions",222,0,20
"6523","of",223,0,20
"6524","testimony",224,0,20
"6525","participants",225,0,20
"6526","found",226,0,20
"6527","'noteworthy'.",227,0,20
"6528","We",228,0,20
"6529","also",229,0,20
"6530","conducted",230,0,20
"6531","a",231,0,20
"6532","study",232,0,20
"6533","on",233,0.158464657472832,20
"6534","response",234,0.240080278928026,20
"6535","types",235,0.28767643277418,20
"6536","to",236,0.33767643277418,20
"6537","determine",237,0.38767643277418,20
"6538","the",238,0.43767643277418,20
"6539","consistency",239,0.48767643277418,20
"6540","of",240,0.53767643277418,20
"6541","participant",241,0.58767643277418,20
"6542","responses",242,0.63767643277418,20
"6543","across",243,0.68767643277418,20
"6544","response",244,0.73767643277418,20
"6545","types,",245,0.78767643277418,20
"6546","compare",246,0.83767643277418,20
"6547","a",247,0.88767643277418,20
"6548","variety",248,0.93767643277418,20
"6549","of",249,0.98767643277418,20
"6550","response",250,1.03767643277418,20
"6551","types,",251,1.08767643277418,20
"6552","and",252,1.13767643277418,20
"6553","determine",253,1.02921177530135,20
"6554","which",254,0.997596153846154,20
"6555","response",255,1,20
"6556","type",256,1.1148632646982,20
"6557","may",257,1.0648632646982,20
"6558","be",258,1.0148632646982,20
"6559","appropriately",259,0.964863264698203,20
"6560","calibrated",260,0.914863264698203,20
"6561","for",261,0.864863264698203,20
"6562","addressing",262,0.814863264698203,20
"6563","the",263,0.764863264698203,20
"6564","initial",264,0.714863264698203,20
"6565","research",265,0.664863264698203,20
"6566","question",266,0.614863264698203,20
"6567","of",267,0.564863264698203,20
"6568","jury",268,0.514863264698203,20
"6569","perception",269,0.464863264698203,20
"6570","of",270,0.414863264698203,20
"6571","algorithms",271,0.364863264698203,20
"6572","and",272,0.387769190888801,20
"6573","demonstrative",273,0.337769190888801,20
"6574","evidence.",274,0.577436341394202,20
"6575","The",275,0.577436341394202,20
"6576","response",276,0.462573076695999,20
"6577","types",277,0.512573076695999,20
"6578","used",278,0.562573076695999,20
"6579","in",279,0.612573076695999,20
"6580","this",280,0.662573076695999,20
"6581","investigation",281,0.712573076695999,20
"6582","include",282,0.762573076695999,20
"6583","the",283,0.812573076695999,20
"6584","participant's",284,0.862573076695999,20
"6585","interpretation",285,0.912573076695999,20
"6586","of",286,0.962573076695999,20
"6587","the",287,1.012573076696,20
"6588","strength",288,1.062573076696,20
"6589","of",289,1.112573076696,20
"6590","evidence",290,1.162573076696,20
"6591","(Likert",291,1.212573076696,20
"6592","scale),",292,1.1896671505054,20
"6593","conviction",293,1.2396671505054,20
"6594","decision",294,1,20
"6595","(binary),",295,1,20
"6596","opinion",296,1,20
"6597","of",297,1,20
"6598","guilt",298,1,20
"6599","(binary),",299,1,20
"6600","willingness",300,1,20
"6601","to",301,1,20
"6602","bet",302,1,20
"6603","on",303,0.95,20
"6604","their",304,0.9,20
"6605","opinion",305,0.85,20
"6606","of",306,0.8,20
"6607","guilt",307,0.75,20
"6608","(numeric),",308,0.7,20
"6609","probability",309,0.65,20
"6610","of",310,0.6,20
"6611","guilt",311,0.55,20
"6612","(numeric),",312,0.5,20
"6613","and",313,0.45,20
"6614","chance",314,0.4,20
"6615","of",315,0.35,20
"6616","guilt",316,0.3,20
"6617","/innocence",317,0.25,20
"6618","(numeric",318,0.2,20
"6619","or",319,0.15,20
"6620","multiple",320,0.1,20
"6621","choice).",321,0.05,20
"6622","The",322,0,20
"6623","note",323,0,20
"6624","cleaning,",324,0,20
"6625","text",325,0,20
"6626","analysis,",326,0,20
"6627","and",327,0,20
"6628","testimony",328,0,20
"6629","tools",329,0,20
"6630","we",330,0,20
"6631","developed",331,0,20
"6632","throughout",332,0,20
"6633","this",333,0,20
"6634","series",334,0,20
"6635","of",335,0,20
"6636","experiments",336,0,20
"6637","will",337,0,20
"6638","benefit",338,0,20
"6639","our",339,0,20
"6640","future",340,0,20
"6641","research",341,0,20
"6642","in",342,0,20
"6643","jury",343,0,20
"6644","perception,",344,0,20
"6645","as",345,0,20
"6646","well",346,0,20
"6647","as",347,0,20
"6648","future",348,0,20
"6649","transcript",349,0,20
"6650","studies.",350,0,20
